title,post_user,post_time,type,links,post_reply,post_viewer,post_content
deepin V23 releaseæ›´æ–°æ—¥å¿—2024å¹´5æœˆ17æ—¥,deepinå°åŠ©æ‰‹,2024-05-17 15:34,ã€ç‰ˆæœ¬å†…æµ‹ã€‘,https://bbs.deepin.org/zh/post/272523,32,3643,NA
ç”Ÿæ€å…±å»ºå°ç»„é˜¶æ®µæ€§å·¥ä½œæ±‡æŠ¥ & 2024å¹´ç¬¬1æœŸwineæ‰“åŒ…æ´»åŠ¨æ€»ç»“,åº”ç”¨å•†åº—-å°é±¿é±¼,1 å¤©å‰,ã€å®˜æ–¹æ´»åŠ¨ã€‘,https://bbs.deepin.org/zh/post/272733,8,527,å—¨ï¼Œä½ æ¥äº†ã€‚æ„Ÿè°¢å…³æ³¨å‘¢ã€‚ğŸ™‚
deepin V23 RCå‘å¸ƒæ—¥å¿—,deepinå°åŠ©æ‰‹,2024-05-15 17:10,ã€è®ºå›å…¬å‘Šã€‘,https://bbs.deepin.org/zh/post/272364,94,6664,é‡è¦æç¤ºï¼š
å‡çº§deepin v23 RCç²ç‘åº”ç”¨ä¸¢å¤±è§£å†³æ–¹æ¡ˆåŠFAQ,deepinå°åŠ©æ‰‹,2024-05-15 15:57,ã€è®ºå›å…¬å‘Šã€‘,https://bbs.deepin.org/zh/post/272355,19,2353,ä¸€ã€èƒŒæ™¯
ã€äº§å“é¢å¯¹é¢ã€‘V23 RCä»»åŠ¡æ ã€å¯åŠ¨å™¨åŠŸèƒ½æ‚è°ˆï¼,Merlin,2024-05-08 14:03,ã€æ·±åº¦æ¢ç´¢ã€‘,https://bbs.deepin.org/zh/post/272004,89,4767,RCç‰ˆæœ¬å‘å¸ƒä¸´è¿‘ï¼Œæ­¤è´´ä¼šç½®é¡¶ä¸€å‘¨ï¼Œå¸Œæœ›å¤§å®¶å¯ä»¥é€šè¿‡æ­¤è´´äº†è§£å…¨æ–°ä»»åŠ¡æ å’Œå¯åŠ¨å™¨ï¼Œå¤§å®¶å¯åœ¨æ­¤è´´ä¸­äº¤æµé¿å…å‘æ•£åé¦ˆã€‚
WHLUGè®®é¢˜æ­æ™“ï¼Œ5æœˆ25æ—¥ï¼Œä¸€åœºæŠ€æœ¯ç››å®´ç­‰ä½ æ¥ | æ–‡æœ«æœ‰å½©è›‹,deepinå°åŠ©æ‰‹,6 åˆ†é’Ÿå‰,ã€å®˜æ–¹æ´»åŠ¨ã€‘,https://bbs.deepin.org/zh/post/272810,0,14,Hiï¼ŒLinuxerï¼
å¼€å§‹æ­£å¼ä½¿ç”¨V23äº†ï¼Œä¸“é—¨å‡†å¤‡äº†ä¸€å—ç¡¬ç›˜,flashpig8014,18 åˆ†é’Ÿå‰,ã€äº¤æµåˆ†äº«ã€‘,https://bbs.deepin.org/zh/post/272809,1,33,ä¸»åŠ›å·¥ä½œæœºå¼€å§‹æ­£å¼ä½¿ç”¨V23ï¼Œä¸“é—¨å‡†å¤‡äº†ä¸€å—ç¡¬ç›˜è£…V23ï¼ŒæŒºé¦™ã€‚
å…³äºå›æ”¶ç«™æ²¡æœ‰å³é”®æ— æ¸…ç©ºä»¥åŠå›¾æ ‡ä¸å˜åŒ–,136******71,33 åˆ†é’Ÿå‰,ã€é—®é¢˜æ±‚åŠ©ã€‘,https://bbs.deepin.org/zh/post/272808,1,33,ä»beta3å‡çº§è‡³RCåï¼Œå¹¶ä¸”æ‰§è¡Œäº†ç²ç‘é‡æ–°å®‰è£…å·¥å…·ï¼ˆä¸çŸ¥é“æœ‰æ²¡æœ‰å…³ç³»ï¼‰ï¼š
qqçš„æ¶ˆæ¯é€šçŸ¥å¤ªçƒ¦äººäº†ï¼Œé€šçŸ¥å…³é—­ä¸äº†,å¤©å¤©ï¼Œå¤©å¤©å¼€å¿ƒ,38 åˆ†é’Ÿå‰,ã€æ”¹è¿›å»ºè®®ã€‘,https://bbs.deepin.org/zh/post/272807,5,65,NA
å·²æ›´æ–°V23 release,Qt Creatorä¾ç„¶ä¸èƒ½ä¸­æ–‡è¾“å…¥ç¼–è¾‘ã€‚,æ·±åº¦ä¹‹å®¶,1 å°æ—¶å‰,ã€å…¶ä»–ã€‘,https://bbs.deepin.org/zh/post/272806,1,36,NA
é€šè¿‡è„šæœ¬è·å–è®ºå›æœ€æ–°ä¿¡æ¯åŠæ­å»ºä¸€ä¸ªrssæºçš„å¯èƒ½,fallingstar-ten,1 å°æ—¶å‰,ã€å…¶ä»–ã€‘,https://bbs.deepin.org/zh/post/272805,6,76,ç”±äºè®ºå›æ²¡æœ‰rssåŠŸèƒ½ï¼Œéœ€è¦æ‰‹åŠ¨å¯¹è®ºå›æ•°æ®è¿›è¡Œçˆ¬å–ç”Ÿæˆæ‘˜è¦è¿›è¡Œé˜…è¯»ï¼Œæˆ‘ä»¬ç”¨Rè¯­è¨€å†™äº†ä¸€æ®µè®ºå›çš„çˆ¬è™«ã€‚ä½†æ˜¯è²Œä¼¼çˆ¬åˆ°äº†è‹±æ–‡ç‰ˆçš„ç¤¾åŒºç«™ï¼ˆï¼Ÿï¼‰
overlayrootå¸è½½å¤±è´¥å¯¼è‡´aptæ— æ³•ä½¿ç”¨ã€‚,lyquid,1 å°æ—¶å‰,ã€ç¬¬ä¸‰æ–¹åº”ç”¨ã€‘,https://bbs.deepin.org/zh/post/272804,4,60,ä¸çŸ¥é“ä¸ºä»€ä¹ˆoverlayrootè¢«dpkgæ ‡è®°ä¸ºå¸è½½çŠ¶æ€ï¼Œä½†åˆæ— æ³•å¸è½½æˆåŠŸï¼Œå¯¼è‡´aptæ— æ³•æ­£å¸¸ä½¿ç”¨ï¼Œå®‰è£…æ–°è½¯ä»¶åŒ…æ—¶éƒ½ä¼šå°è¯•åˆ é™¤overlayrootã€‚
æ€¥ï¼ï¼å®˜ç½‘ä¸‹è½½çš„é•œåƒç”¨Uç›˜åˆ¶ä½œçš„å¯åŠ¨ç›˜åœ¨ç”µè„‘å¯åŠ¨çš„æ—¶å€™ä¸æ˜¾ç¤º,huazelei119,2 å°æ—¶å‰,ã€é—®é¢˜æ±‚åŠ©ã€‘,https://bbs.deepin.org/zh/post/272803,6,87,å®˜ç½‘ä¸‹è½½çš„é•œåƒï¼Œç”¨é•œåƒè§£å‹å‡ºæ¥çš„å·¥å…·åˆ¶ä½œäº†Uç›˜å¯åŠ¨ç›˜ï¼Œä½†æ˜¯åœ¨ç”µè„‘é‡æ–°å¯åŠ¨çš„æ—¶å€™ä¸æ˜¾ç¤ºè¿™ä¸ªå¯åŠ¨å¼•å¯¼ç›˜æ˜¯ä»€ä¹ˆåŸå› ï¼Ÿè¿™ä¸ªUç›˜åˆ¶ä½œwinçš„å¯åŠ¨å¼•å¯¼ç›˜å¯ä»¥æ˜¾ç¤ºã€‚æ€¥ï¼Œåœ¨çº¿ç­‰
æœ‰æ²¡æœ‰å¥½ç”¨çš„ ç¬”è®°æ•´ç†è½¯ä»¶,å»¿äº”,2 å°æ—¶å‰,ã€é—®é¢˜æ±‚åŠ©ã€‘,https://bbs.deepin.org/zh/post/272802,3,89,å¦‚é¢˜ æœ‰æ²¡æœ‰å¥½ç”¨çš„ çŸ¥è¯†ç¬”è®°æ•´ç†app
æœç‹—è¾“å…¥æ³•å´©æºƒ,shamar,2 å°æ—¶å‰,ã€ç¬¬ä¸‰æ–¹åº”ç”¨ã€‘,https://bbs.deepin.org/zh/post/272801,2,74,æœç‹—è¾“å…¥æ³•å´©æºƒåœ¨ä½¿ç”¨ä¸­ä¼šçªç„¶é€€å‡ºï¼Œè¾“å…¥æ³•å°±ä¸è§äº†ä»€ä¹ˆå¿«æ·é”®ä¹Ÿæ— æ³•åˆ‡æ¢å‡ºæ¥ã€‚
V23ç¤¾åŒºç‰ˆï¼ˆPreview)RCï¼Œè®¾ç½®ä¸­å¿ƒæ›´æ–°æç¤ºä¾èµ–é”™è¯¯,æ·±åº¦ä¹‹å®¶,2 å°æ—¶å‰,ã€å…¶ä»–ã€‘,https://bbs.deepin.org/zh/post/272800,2,37,NA
deepin V23.01.00.25 å‡çº§åç²ç‘çš„æµè§ˆå™¨æ— æ³•æ‰“å¼€äº†,é«˜è´µå¦ƒå¹¿å‘Š,2 å°æ—¶å‰,ã€ç²ç‘ã€‘,https://bbs.deepin.org/zh/post/272799,5,60,NA
virtualboxå¦‚ä½•å®‰è£…ã€‚,å¾˜å¾Šè€…,3 å°æ—¶å‰,ã€é—®é¢˜æ±‚åŠ©ã€‘,https://bbs.deepin.org/zh/post/272797,14,294,6.6.25-amd64-desktop-hwe #23.01.00.25 SMP PREEMPT_DYNAMIC Wed Apr 10 21:20:25 CST 2024 x86_64 GNU/Linux
V23RCå®‰è£…åç›´æ¥è¦†ç›–EFIä¸­20.9å¯åŠ¨æ–‡ä»¶,æ·±åº¦ä¹‹å®¶,3 å°æ—¶å‰,ã€å…¶ä»–ã€‘,https://bbs.deepin.org/zh/post/272796,2,64,NA
AIç»˜å›¾ï¼šè€ç…§ç‰‡ä¿®å¤&æ¼«ç”»é‡ç»˜,Gnomic,3 å°æ—¶å‰,ã€ç»éªŒåˆ†äº«ã€‘,https://bbs.deepin.org/zh/post/272795,4,88,é‡æ‹¾æ—¶å…‰çš„æ¸©æš–ï¼Œè®©è®°å¿†åœ¨æ¸…æ™°ä¸­ç»½æ”¾
åˆšæ‰è™šæ‹Ÿæœºå®‰è£…äº†Deepin 23 RCç‰ˆè¯´ä¸€ä¸‹ä½“éªŒå’Œå»ºè®®,é…·è°·çš„è°·å­,3 å°æ—¶å‰,ã€å¿ƒæƒ…éšç¬”ã€‘,https://bbs.deepin.org/zh/post/272794,2,114,åˆšæ‰è™šæ‹Ÿæœºå®‰è£…äº†Deepin 23 RCç‰ˆè¯´ä¸€ä¸‹ä½“éªŒå’Œå»ºè®®
deepin v23 RC ä¾èµ–äºlibmpvåº”ç”¨è§†é¢‘ç¡¬è§£é—®é¢˜æŠ˜è…¾è¿‡ç¨‹,å¿ƒæŒæ’,4 å°æ—¶å‰,ã€äº¤æµåˆ†äº«ã€‘,https://bbs.deepin.org/zh/post/272793,1,103,1.ä¹‹å‰å‡ºé—®é¢˜çš„æœºå™¨ä¸ºGPDå°ä¸»æœºï¼Œcpuä¸ºN4100,é…å¥—æ˜¾å¡UHD Graphics 600;
RCç‰ˆæœ¬æ›´æ–°åæ¡Œé¢é»‘å±ï¼Œå›¾æ ‡æ¶ˆå¤±ï¼ŒæŒ‚è½½ç¡¬ç›˜ç¼“æ…¢,æ·±åº¦ä¹‹å®¶,4 å°æ—¶å‰,ã€å…¶ä»–ã€‘,https://bbs.deepin.org/zh/post/272792,1,43,NA
å»ºè®®è®ºå›ä¸Šçº¿ä¸€ä¸ªå¼±çš„å±è”½åŠŸèƒ½,fallingstar-ten,4 å°æ—¶å‰,ã€è®ºå›å»ºè®®ã€‘,https://bbs.deepin.org/zh/post/272791,10,206,ç±»ä¼¼å¾®åš/è‡ªåª’ä½“é‚£ç§æ‹‰é»‘å’Œå±è”½çš„åŠŸèƒ½æ­¤å‰å·²ç»åœ¨è®ºå›é‡Œæè¿‡å¥½å‡ æ¬¡äº†ï¼Œåœ¨è®¨è®ºä¸­ä¹Ÿä¸»è¦æ˜¯è®¤ä¸ºï¼Œå¹³å°åº”è¯¥å…è®¸ä¸åŒçš„å£°éŸ³å­˜åœ¨ã€ä¸å–œæ¬¢ä¸çœ‹ä¸è¯„è®ºå°±å¥½äº†æˆ–è€…è‡ªç ”è®ºå›æ·»åŠ æ­¤åŠŸèƒ½ä¸æ˜“çš„é—®é¢˜ï¼Œæ€»ä¹‹ï¼Œåœ¨æ­¤å‰å¤šæ¬¡çš„è®¨è®ºä¸­ï¼Œç±»ä¼¼çš„åŠŸèƒ½ä¸€ç›´æ²¡æœ‰å®ç°ï¼Œå›é¡¾å¯è§ï¼š1. https://bbs.deepin.org/post/261252 2. https://bbs.deepin.org/post/254648 3. https://bbs.deepin.org/post/231351ã€‚
åä¸ºmatebook e 2022èƒ½è£…deepinå—ï¼Ÿ,156******79,4 å°æ—¶å‰,ã€æ·±åº¦æ¢ç´¢ã€‘,https://bbs.deepin.org/zh/post/272790,12,148,ä¸€ç›´æƒ³ç”¨æ·±åº¦ï¼Œæƒ³çŸ¥é“åä¸ºmatebook e 2022èƒ½è£…deepinå—ï¼Ÿ
UOSè®ºå›æ— æ³•ç™»é™†,æ·±åº¦ä¹‹å®¶,5 å°æ—¶å‰,ã€å…¶ä»–ã€‘,https://bbs.deepin.org/zh/post/272789,3,91,NA
è¯·æ•™æ¡Œé¢å¿«æ·æ–¹å¼æ²¡æ³•æ‰“å¼€ç¨‹åºï¼Œä½†æ˜¯åœ¨åº”ç”¨å•†åº—å®‰è£…ç•Œé¢å¯ä»¥æ‰“å¼€,paloffice,5 å°æ—¶å‰,ã€é—®é¢˜æ±‚åŠ©ã€‘,https://bbs.deepin.org/zh/post/272788,3,83,æˆ‘åœ¨åº”ç”¨å•†åº—å®‰è£…äº†ä¸€ä¸ªè½¯ä»¶ï¼Œå®‰è£…ååœ¨æ¡Œé¢è‡ªåŠ¨åˆ›å»ºäº†å¿«æ·æ–¹å¼ï¼Œä½†æ˜¯åœ¨å¼€å§‹èœå•é‡Œé¢æ²¡æœ‰åˆ›å»ºé¡¹ç›®ï¼Œæˆ‘åœ¨åº”ç”¨å•†åº—çš„è½¯ä»¶å®‰è£…ç•Œé¢å¯ä»¥ç‚¹å‡»æ‰“å¼€è¿™ä¸ªè½¯ä»¶ï¼Œä½†æ˜¯åœ¨æ¡Œé¢å¿«æ·æ–¹å¼åŒå‡»å´æ²¡æœ‰åæ˜ ï¼Œè¿™ä¸ªå¦‚ä½•ä¿®å¤ï¼Ÿ
ä»Šå¤©ç¬¬5æ¬¡çŒ®è¡€ï¼Œè‡ªç–«æƒ…ä»¥æ¥æ€»å…±1800CC,æ™šç§‹ï¼ˆlateautumnï¼‰,5 å°æ—¶å‰,ã€å¿ƒæƒ…éšç¬”ã€‘,https://bbs.deepin.org/zh/post/272787,15,298,å¦å¤–ï¼šå€Ÿæ­¤ä¹Ÿå‘è¡¨ä¸€ä¸‹æ„Ÿè¨€ï¼šæˆ‘ç›¸ä¿¡å¤§å¤šæ•°å›å‹ä¸æˆ‘ä¸€æ ·éƒ½æ˜¯æœ‰çˆ±å¿ƒçš„äººï¼Œéƒ½æ˜¯æœŸæœ›æ·±åº¦å‘å±•çš„å¾—è¶Šæ¥è¶Šå¥½çš„äººã€‚æ‰€ä»¥ä¹ŸçœŸè¯šå¸Œæœ›å›å‹åœ¨é‡åˆ°ä¸åŒè§‚ç‚¹çš„å›è´´æ—¶ï¼Œæ§åˆ¶ä¸€ä¸‹è‡ªå·±æƒ…ç»ªï¼ŒæŠŠä¸åŒçš„è§‚ç‚¹æ§åˆ¶åœ¨äº‰è®ºäº‰è¾©çŠ¶æ€ï¼Œä¸è¦æ¼”å˜æˆäº‰åµç”šè‡³äº’éª‚äº’ç›¸è®½åˆºæŒ–è‹¦ã€‚
ä¸€äº›é—®é¢˜å’Œä¸€äº›å»ºè®®,é…·è°·çš„è°·å­,6 å°æ—¶å‰,ã€æ”¹è¿›å»ºè®®ã€‘,https://bbs.deepin.org/zh/post/272786,2,147,å»ºè®®ä¸€ä¸ªé—®é¢˜ï¼Œå°±æ˜¯æœ‰äº›åº”ç”¨ï¼Œåœ¨é»˜è®¤æºç†ç”±ä½†æ˜¯å®‰è£…äº†ç³»ç»Ÿå°±ä¼šå‡ºé—®é¢˜
wineå®‰è£…windowsä¸‹çš„exeåº”ç”¨ã€‚,é•¿é£,6 å°æ—¶å‰,ã€æ·±åº¦æ¢ç´¢ã€‘,https://bbs.deepin.org/zh/post/272785,9,336,wine3.8å®‰è£…windowsä¸‹çš„exeåº”ç”¨ã€‚åŒä¸€ä¸ªwindowsä¸‹çš„exeåº”ç”¨ï¼Œç‰ˆæœ¬ä¸åŒï¼Œä½ç‰ˆæœ¬èƒ½å®‰è£…ä¹Ÿèƒ½è¿è¡Œï¼Œä½†è¯¥åº”ç”¨è¿›å…¥åå¼ºåˆ¶å‡çº§åˆ°æ–°ç‰ˆæœ¬ï¼Œå‡çº§åå°±æ²¡æ³•å¯åŠ¨äº†ã€‚
å¼€æœºåæ¡Œé¢å›¾æ ‡æ¶ˆå¤±ï¼ŒèƒŒæ™¯é»‘è‰²ï¼Œå³é”®å¤±æ•ˆ,æ·±åº¦ä¹‹å®¶,6 å°æ—¶å‰,ã€å…¶ä»–ã€‘,https://bbs.deepin.org/zh/post/272784,2,135,NA
å¦‚ä½•ç”¨ Sandboxie-Plus ç®¡ä½ã€Œä¸å¬è¯ã€çš„è½¯ä»¶,æµæµªçš„åŠ è²,6 å°æ—¶å‰,ã€å†…å®¹è½¬è½½ã€‘,https://bbs.deepin.org/zh/post/272783,3,106,å†™åœ¨æœ€å‰é¢ï¼šè¿™æ˜¯ç¯‡ä»¥Windowsä¸ºç³»ç»Ÿç¯å¢ƒè®²è§£çš„è½¯ä»¶ä½¿ç”¨æ•™ç¨‹ï¼Œå¹¶ä¸æ˜¯å¾ˆæŠ€æœ¯çš„åˆ†äº«ï¼Œåªæ˜¯è§‰å¾—è¿™ç¯‡æ–‡ç« å¯ä»¥ç»™å¤§å®¶æŠ˜è…¾ç³»ç»Ÿå’Œè½¯ä»¶æä¾›ä¸€äº›æ€è·¯ï¼Œæ¬è¿‡æ¥åˆ†äº«ç»™å¤§å®¶ã€‚ï¼ˆæƒ³èµ·äº† ç²ç‘ğŸ¤§ ï¼‰
å‡çº§åˆ°v23 RCç‰ˆï¼ŒFail to start nmdb.serviceå¯¼è‡´ç³»ç»Ÿæ— æ³•å¯åŠ¨,unpack,6 å°æ—¶å‰,ã€å¯åŠ¨/å…³æœºã€‘,https://bbs.deepin.org/zh/post/272782,5,64,æˆ‘ä»v23çš„é¢„è§ˆç‰ˆå‡çº§åˆ°RCç‰ˆï¼Œå®‰è£…äº†JDK 8,11,17,21, golangï¼ŒJetbrains Fleetï¼Œæ–°ç‰ˆé£ä¹¦ï¼Œç„¶åé‡å¯ï¼Œå‘ç°ç³»ç»Ÿæ— æ³•å¯åŠ¨äº†ï¼Œæå‡[FAILED]Fail to start nmdb.service - Samba NMB Daemon.
è®ºå›èƒ½ä¸èƒ½å¼€æ”¾æ‚¬èµwineæœåŠ¡,a1124258836,6 å°æ—¶å‰,ã€wineä¸“åŒºã€‘,https://bbs.deepin.org/zh/post/272780,27,366,è®ºå›èƒ½ä¸èƒ½å¼€æ”¾æ‚¬èµæœ‰å¿wineæœåŠ¡ï¼Œæ–¹ä¾¿ä¸€äº›æœ‰ç‰¹æ®Šå°ä¼—è½¯ä»¶éœ€æ±‚çš„ç”¨æˆ·èƒ½åœ¨deepinä¸Šç”¨ä¸Šæš‚æ—¶æ²¡æœ‰é€‚é…çš„æˆ–è€…ä¸æ–¹ä¾¿å®˜æ–¹ä¸Šæ¶çš„å°ä¼—è½¯ä»¶ã€‚è¿™æ ·æ—¢æ»¡è¶³ç”¨æˆ·éœ€æ±‚ï¼Œåˆä¸è®©å¤§ä½¬ä»¬é çˆ±å‘ç”µã€‚
å®‰è£…æ—¶åˆ†åŒºåˆ—è¡¨æ˜¯ç©ºçš„,æ— æ³•å®‰è£…,æœ¬æœºç£ç›˜ä¿¡æ¯å¦‚å›¾,kerryzhu,6 å°æ—¶å‰,ã€é—®é¢˜æ±‚åŠ©ã€‘,https://bbs.deepin.org/zh/post/272779,6,105,ç”¨diskGæ ¼å¼åŒ–äº†ä¸€ä¸ªext4çš„åˆ†åŒºï¼Œç„¶ååœ¨å®‰è£…çš„æ—¶å€™æ­»æ´»æ˜¾ç¤ºä¸å‡ºæ¥,æ ¼å¼åŒ–æˆå„ç§æ ¼å¼éƒ½è¯•äº†ï¼Œåˆ†åŒºåˆ—è¡¨éƒ½æ˜¯ç©ºçš„
å¼€æºæµè§ˆå™¨å†…æ ¸æµè¡Œè¶‹åŠ¿,åº¦æ·±è“,6 å°æ—¶å‰,ã€è¯é¢˜è®¨è®ºã€‘,https://bbs.deepin.org/zh/post/272778,12,322,ç°é˜¶æ®µæµè§ˆå™¨å†…æ ¸ï¼Œç”¨çš„æœ€å¤šçš„åº”è¯¥æ˜¯è°·æ­Œæµè§ˆå™¨çš„å†…æ ¸ï¼Œè¿å¾®è½¯çš„æµè§ˆå™¨éƒ½æ˜¯ç”¨ä»–çš„å†…æ ¸ã€‚é™¤æ­¤ä¹‹å¤–ï¼Œå°±æ˜¯å›½å¤–ç¤¾åŒºç³»ç»Ÿçš„â€œå¾¡ç”¨â€æµè§ˆå™¨ï¼Œç«ç‹ã€‚ç®—ä½œå¼€æºé¡¹ç›®çš„å…¸èŒƒã€‚
deepin wsl æ›´æ–° 1.0.2.0 ç‰ˆæœ¬,ç©ºæœ¨è“®è¯,7 å°æ—¶å‰,ã€å†…å®¹æŠ•ç¨¿ã€‘,https://bbs.deepin.org/zh/post/272777,2,173,deepin rc å‘ç‰ˆï¼Œdeepin-WSL æ›´æ–°ç‰ˆæœ¬ã€‚
æ›´æ–°å†…å®¹ä¸èƒ½ç®€ç•¥,æ·±åº¦ä¹‹å®¶,7 å°æ—¶å‰,ã€å…¶ä»–ã€‘,https://bbs.deepin.org/zh/post/272776,1,117,NA
ç³»ç»Ÿå®‰è£…åˆ†åŒºå»ºè®®,a1124258836,7 å°æ—¶å‰,ã€ç³»ç»Ÿå®‰è£…ã€‘,https://bbs.deepin.org/zh/post/272775,11,223,ä»Šå¤©åœ¨æµè§ˆstartoså®˜ç½‘æ—¶å‘äº†ä¸€ä¸ªä¸é”™çš„å…³äºlinuxåˆ†åŒºä»‹ç»çš„æ–‡ç« https://www.startos.com/help_7.htmlï¼Œæœ‰ä¸€ç‚¹å€¼å¾—å­¦ä¹ ã€‚å»ºè®®deepinä¹Ÿåœ¨åˆ†åŒºçš„æ—¶å€™åŠ å‡ ä¸ªæ±‰å­—æç¤ºï¼Œæ–¹ä¾¿å¤§å®¶ç†è§£ã€‚
å¸¸ç”¨åŒºåŸŸçš„ç©ºç™½æœ‰ç‚¹å¤§ï¼Œæ„Ÿè§‰æ€»æ˜¯æ€ªæ€ªçš„ï¼Œèƒ½å¤„ç†äº†å—ï¼Ÿ,buyike,7 å°æ—¶å‰,ã€å¯åŠ¨å™¨ã€‘,https://bbs.deepin.org/zh/post/272774,3,140,å³è¾¹å¸¸ç”¨åŒºåŸŸä¸‹è¾¹ç©ºç™½æ¯”è¾ƒå¤šï¼ŒçŸ­äº†ä¸€èŠ‚ï¼Œå·¦è¾¹åŒºåŸŸé»˜è®¤ä¸‹æ–‡å­—å’Œçº¿è·ç¦»å¤ªè¿‘ï¼Œä¸çŸ¥èƒ½å¦ç¨ç¨åŠ å¤§ä¸€ç‚¹é«˜åº¦ï¼Œè®©å·¦è¾¹æ–‡å­—ä¸è¦å’Œåˆ†å‰²çº¿å¦‚æ­¤æ¥è¿‘ï¼ŒåŒæ—¶ä¹Ÿå¯ä¸ºå³è¾¹å¸¸ç”¨åŒºåŸŸå¢åŠ ä¸€è¡Œå›¾æ ‡ï¼Œå¦å¤–ï¼Œç¨³å®šä¸‹æ¥åä¸Šé¢çš„æˆ‘çš„å¸¸ç”¨å‡ ä¸ªæ–‡å­—èƒ½å’Œæœ€è¿‘å®‰è£…ä¸€èµ·éšè—æ˜¯æœ€å¥½ï¼Œæ–¹æ¡ˆä»…ä¾›å‚è€ƒã€‚
deepin æ–‡æœ¬ç¼–è¾‘å™¨,131******20,7 å°æ—¶å‰,ã€å…¶ä»–ã€‘,https://bbs.deepin.org/zh/post/272773,2,134,linuxä¸‹æœ‰æ²¡æœ‰å¸¦æœ‰ç”³è¯·rootæƒé™åŠŸèƒ½çš„æ–‡æœ¬ç¼–è¾‘å™¨ï¼Œæ¯”å¦‚è¯´ç•Œé¢é‡Œå¸¦ç®¡ç†å‘˜æ¨¡å¼æ‰“å¼€ï¼Œæˆ–è€…ä¿å­˜ç³»ç»Ÿæ–‡ä»¶çš„æ—¶å€™éœ€è¦rootæƒé™ä¼šå¼¹çª—è®©ä½ è¾“å¯†ç ï¼Œä¸éœ€è¦åœ¨ç»ˆç«¯é‡Œsudoçš„
ç»ˆç«¯æœ€å¤§åŒ–ä¼šè¢«ä¸‹æ–¹ä»»åŠ¡æ é®æŒ¡,ç»­å“ˆå“ˆ,7 å°æ—¶å‰,ã€ç»ˆç«¯ã€‘,https://bbs.deepin.org/zh/post/272772,3,95,ç»ˆç«¯æœ€å¤§åŒ–ä¼šè¢«ä¸‹æ–¹ä»»åŠ¡æ é®æŒ¡ä¸€è¡Œ
è¿™åº”è¯¥ç®—ä½çº§BUGå§,iistone,7 å°æ—¶å‰,ã€éŸ³ä¹ã€‘,https://bbs.deepin.org/zh/post/272771,1,176,å•é€‰æ¡†ã€å¤é€‰æ¡†é€‰ä¸­åçš„å¤–éƒ¨çš„å…‰åœˆæ•ˆæœä½ç½®åäº†ï¼
é£è…¾d2000/4çš„cpuï¼Œè£…äº†armçš„v23ï¼Œå¯åŠ¨æ²¡æ³•å¼•å¯¼è¿›ç³»ç»Ÿ,æ™“æ˜¥,8 å°æ—¶å‰,ã€é—®é¢˜æ±‚åŠ©ã€‘,https://bbs.deepin.org/zh/post/272770,3,105,liveç‰ˆç³»ç»Ÿå¯ä»¥è¿›ï¼Œå®‰è£…è¿‡ç¨‹ä¹Ÿå¾ˆé¡ºåˆ©ï¼Œä½†å®‰è£…å®Œé‡å¯åå°±æ— æ³•å¼•å¯¼è¿›ç³»ç»Ÿï¼Œæ€ä¹ˆè§£å†³ã€‚æ˜¯é£è…¾d2000/4å¤„ç†å™¨çš„å›½äº§ç”µè„‘ã€‚
å…³äºdeepinå®‰è£…å®‰å“APKé—®é¢˜,Rufuå¢¨éºŸ,8 å°æ—¶å‰,ã€é—®é¢˜æ±‚åŠ©ã€‘,https://bbs.deepin.org/zh/post/272769,2,163,NA
ä»»åŠ¡æ å›¾æ ‡é”™è¯¯,æ·±åº¦ä¹‹å®¶,8 å°æ—¶å‰,ã€å…¶ä»–ã€‘,https://bbs.deepin.org/zh/post/272768,1,45,NA
ç”¨VMware æˆ–è€…Hyper-Vå®‰è£…ISOæ–‡ä»¶å¤±è´¥,Wesley,8 å°æ—¶å‰,ã€å…¶ä»–ã€‘,https://bbs.deepin.org/zh/post/272767,1,74,ç”¨VMware æˆ–è€…Hyper-Vå®‰è£…æœ€æ–°ISOæ–‡ä»¶å¤±è´¥ï¼Œå‡ºç°â€œOPerating System not foundâ€
deepinæ”¯æŒåœ¨åŒä¸€å—ç¡¬ç›˜ä¸Šåˆ†åŒºext4å’Œxfså—ï¼Ÿä¼šæœ‰å†²çªå—,null,8 å°æ—¶å‰,ã€å…¶ä»–ã€‘,https://bbs.deepin.org/zh/post/272766,6,158,è‡ªå·±åŠ äº†äº†ä¸€å—ç›˜ï¼Œåˆ†äº†ä¸¤ä¸ªåŒºï¼Œæ‰“ç®—åˆ†sdc1ä¸ºext4,sdc2ä¸ºxfs,ä¸€ä¸ªæŒ‚è½½åœ¨dateï¼ˆxfsï¼‰ï¼Œä¸‹ä¸€ä¸ªæŒ‚è½½åœ¨homeï¼ˆex4ï¼‰ä¸‹
ä»beta3åˆ°RCï¼Œintelå£°å¡éƒ½æ²¡æœ‰æ­£ç¡®é©±åŠ¨,remyxo,9 å°æ—¶å‰,ã€æ”¹è¿›å»ºè®®ã€‘,https://bbs.deepin.org/zh/post/272765,7,267,æˆ‘çš„ç¬”è®°æœ¬æ˜¯è£è€€MagicBook X14ï¼Œé…ç½®ï¼š
æ›´æ–°chromeä¹‹åï¼Œchromeæ€»æ˜¯å¡æ­»ï¼Œæ€ä¹ˆåŠï¼Ÿ,æŒ¨è¸¢èº,9 å°æ—¶å‰,ã€å¡æ­»/å¡é¡¿ã€‘,https://bbs.deepin.org/zh/post/272764,1,56,ç³»ç»Ÿä¿¡æ¯å¦‚ä¸‹
åŒç³»ç»Ÿï¼Œæ—¶é—´ä¸å¯¹,æ·±åº¦ä¹‹å®¶,9 å°æ—¶å‰,ã€å…¶ä»–ã€‘,https://bbs.deepin.org/zh/post/272763,1,111,NA
è¿›ç¨‹é‡Œå¤šäº†ä¸ªçº¢ç§»æ˜¯å•¥,ç«‹é’,9 å°æ—¶å‰,ã€äº¤æµåˆ†äº«ã€‘,https://bbs.deepin.org/zh/post/272762,8,302,1ã€è¿›ç¨‹é‡Œå¤šäº†ä¸ªçº¢ç§»ï¼Œå°±æ˜¯æœ¬æ¬¡å‡çº§åå‡ºç°çš„ï¼Œä¸çŸ¥é“æ˜¯å¹²å•¥çš„
å¤åˆ¶æ–‡ä»¶åˆ°Uç›˜æ—¶ï¼Œ100%åä»ç„¶æ˜¯åŒæ­¥ä¸­ã€‚ã€‚ã€‚,loong,18 å°æ—¶å‰,ã€æ–‡ä»¶ç®¡ç†å™¨ã€‘,https://bbs.deepin.org/zh/post/272761,14,205,å¦‚ä¸‹å›¾æ‰€ç¤ºï¼Œ æ˜æ˜æ–‡ä»¶ å·²ç» å¤åˆ¶å®Œæˆ äº†ï¼Œ ä½†æ˜¯å°±æ˜¯ä¸ç»“æŸï¼Œæ˜¾ç¤º â€œåŒæ­¥ä¸­â€œï¼Œ çœ‹èµ·æ¥å¾ˆå“äººï¼Œ åˆ°åº•å®Œæˆ äº†æ²¡æœ‰ï¼Ÿæ–‡ä»¶ æœ‰æ²¡æœ‰æŸåï¼Ÿï¼Ÿ
7.20æ—¥ç‚¹å‡»å›æ”¶ç«™æ— é™å¤šå¼€æ— æœ€å°åŒ–,ä½ç½—,18 å°æ—¶å‰,ã€å…¶ä»–ã€‘,https://bbs.deepin.org/zh/post/272760,2,93,ä»¥å‰ä»æ²¡æœ‰æ‰“å¼€è¿‡å›æ”¶ç«™ï¼Œæœ¬æ¥æ˜¯æƒ³çœ‹çœ‹å›¾æ ‡åŠ¨ç”»çš„ï¼Œåœ¨ç‚¹åˆ°å›æ”¶ç«™æ—¶å‘ç°ä¸èƒ½æœ€å°åŒ–è€Œæ˜¯åˆæ‰“å¼€äº†å¤šä¸ªçª—å£ï¼Œ ç®—æ˜¯bugå—ï¼Ÿ
ä»»åŠ¡æ ä¸èƒ½æ›´æ”¹ä½ç½®,æ·±åº¦ä¹‹å®¶,18 å°æ—¶å‰,ã€å…¶ä»–ã€‘,https://bbs.deepin.org/zh/post/272759,2,65,NA
å®‰è£…ç•Œé¢å…‰æ ‡ä¸æ˜¾ç¤º,wuzhican,18 å°æ—¶å‰,ã€é—®é¢˜æ±‚åŠ©ã€‘,https://bbs.deepin.org/zh/post/272758,1,52,ä½¿ç”¨6.*çš„å†…æ ¸ç‰ˆæœ¬è¿›å…¥å®‰è£…ç•Œé¢ï¼Œç•Œé¢æœ‰å“åº”ï¼Œä½†æ˜¯å…‰æ ‡ä¸æ˜¾ç¤ºã€‚ä½¿ç”¨æ˜¾å¡å®‰å…¨æ¨¡å¼ï¼Œå¯ä»¥æ˜¾ç¤ºå…‰æ ‡ã€‚
åº”ç”¨å•†åº—æ— æ³•æ‰“å¼€,ji-entropy,18 å°æ—¶å‰,ã€åº”ç”¨å•†åº—ã€‘,https://bbs.deepin.org/zh/post/272757,4,71,æˆ‘æ˜¯åœ¨ç§»åŠ¨å›ºæ€ç¡¬ç›˜å®‰è£…deepinï¼Œæ— æ³•æ‰“å¼€åº”ç”¨å•†åº—ï¼Œé‡å¯ä¹Ÿä¸è¡Œ
å¾ˆå¥½å¥‡ç°åœ¨æ·±åº¦çš„ç”¨æˆ·ä½¿ç”¨çš„ç³»ç»Ÿéƒ½æ˜¯å“ªäº›ç³»ç»Ÿï¼Ÿ,è´ºä¸œæ˜,18 å°æ—¶å‰,ã€è¯é¢˜è®¨è®ºã€‘,https://bbs.deepin.org/zh/post/272756,11,373,å¾ˆå¥½å¥‡ç°åœ¨æ·±åº¦çš„ç”¨æˆ·ä½¿ç”¨çš„ç³»ç»Ÿéƒ½æ˜¯å“ªäº›ç³»ç»Ÿï¼Ÿä¸çŸ¥é“å®˜æ–¹æœ‰æ²¡æœ‰ç»Ÿè®¡æ•°æ®ã€‚åœ¨3ä¸ªæœˆå†…æœ‰ä½¿ç”¨è®°å½•çš„æ·±åº¦ç³»ç»Ÿç”¨æˆ·ä¸­ï¼Œæ¯ä¸ªç‰ˆæœ¬çš„ä½¿ç”¨äººæ•°ï¼Œå»ºè®®éš”ä¸€æ®µæ—¶é—´å…¬å¼€ä¸€ä¸‹ï¼Œå¦‚æœäººæ•°ä¸æ–¹ä¾¿å…¬å¼€ï¼Œé‚£ä¹Ÿå¯ä»¥å…¬å¼€ä¸€ä¸‹æ¯ä¸ªç‰ˆæœ¬çš„ä½¿ç”¨äººæ•°æ¯”ä¾‹ã€‚
éƒ½åˆ«åµäº†ï¼Œæˆ‘æ¥å‘ä¸ªè‡ªå®šä¹‰debian12.5é•œåƒ,chmod700,19 å°æ—¶å‰,ã€å…¶ä»–ã€‘,https://bbs.deepin.org/zh/post/272755,15,524,ä¸€å¤©åˆ°æ™šçš„åµåµï¼Œä¸€ç‚¹æ²¹ç›éƒ½æ²¡æœ‰ã€‚å°±çŸ¥é“æŠ±æ€¨ v23 ä¸ç¨³å®šï¼Œä¸ç¨³å®šä½ æ¢åˆ«çš„å‘è¡Œç‰ˆå•Šï¼ŒLinux ç¼ºè½¯ä»¶ï¼Œåˆä¸ç¼ºå‘è¡Œç‰ˆï¼Œç¨³å®šå¯é çš„å‘è¡Œç‰ˆä¸€å¤§å †ï¼Œèµ–ç€ deepin ä¸èµ°å¹²å˜›ï¼Ÿä¸ä¼šæ˜¯ä½ æ°´å¹³èœï¼Œæ²¡æœ‰ä¸ªç®€å•æ˜“ç”¨çš„è½¯ä»¶å•†åº—ï¼Œä½ è£…è½¯ä»¶éƒ½ä¸ä¼šå§ï¼Ÿ
deepin23 rcæœ€æ–°ç‰ˆåœ¨æœ‰é“è¯å…¸å®˜æ–¹ä¸‹è½½deepinå®‰è£…åŒ…å®‰è£…æ—¶æç¤ºä¾èµ–ä¸è¶³,æ·±åº¦ä¹‹å®¶,19 å°æ—¶å‰,ã€å…¶ä»–ã€‘,https://bbs.deepin.org/zh/post/272754,2,60,NA
æ›´æ–°æç¤ºå®‰è£…åŒ…é”™è¯¯,å¤§è„‘è¢‹å¦ˆ,19 å°æ—¶å‰,ã€é—®é¢˜æ±‚åŠ©ã€‘,https://bbs.deepin.org/zh/post/272753,1,341,NA
Gitè¿œç¨‹ä»£ç æ‰§è¡Œæ¼æ´ï¼Œæˆ–å½±å“winã€macç”¨æˆ·,wlly-lzh,19 å°æ—¶å‰,ã€å…¶ä»–ã€‘,https://bbs.deepin.org/zh/post/272752,1,122,æ¼æ´ç¼–å·ï¼šQVD-2024-18126,CVE-2024-32002
åŒæ—¶æ’ä¸¤ä¸ªä¼˜ç›˜ï¼Œå¼¹å‡ºå…¶ä¸­ä¸€ä¸ªï¼Œå¦å¤–ä¸€ä¸ªä¹Ÿå¼¹å‡º,gangzai0707,20 å°æ—¶å‰,ã€æ·±åº¦æ¢ç´¢ã€‘,https://bbs.deepin.org/zh/post/272751,1,86,åŒæ—¶æ’ä¸¤ä¸ªä¼˜ç›˜å…ˆæ’1ï¼Œåæ’2
è‡ªå¸¦æµè§ˆå™¨æ— æ³•ä¸Šç½‘ã€å¯¼å…¥ä¹¦ç­¾,æ·±åº¦ä¹‹å®¶,20 å°æ—¶å‰,ã€å…¶ä»–ã€‘,https://bbs.deepin.org/zh/post/272750,3,64,NA
ç°åœ¨åˆ é™¤æ–‡ä»¶æ€»æ˜¯æç¤ºæ— æ³•æ”¾å…¥å›æ”¶ç«™,ç¦»,21 å°æ—¶å‰,ã€é—®é¢˜æ±‚åŠ©ã€‘,https://bbs.deepin.org/zh/post/272748,7,125,å¦‚é¢˜ï¼Œæˆ‘ç°åœ¨ä¸ç®¡åˆ é™¤ä»€ä¹ˆæ–‡ä»¶ï¼Œéƒ½ä¼šæ˜¾ç¤ºæ— æ³•æ”¾å…¥å›æ”¶ç«™é—®æˆ‘æ˜¯å¦è¦åˆ é™¤23333
ç³»ç»Ÿç›˜å ç”¨å¾ˆå¤§å•Šï¼Œå“ªäº›å¯ä»¥åˆ é™¤å‘¢ï¼Ÿ,189******13,21 å°æ—¶å‰,ã€é—®é¢˜æ±‚åŠ©ã€‘,https://bbs.deepin.org/zh/post/272747,6,186,ç³»ç»Ÿç›˜å ç”¨å¾ˆå¤§å•Šï¼Œå“ªäº›å¯ä»¥åˆ é™¤å‘¢ï¼Ÿ
æµè§ˆå™¨å¤åˆ¶æ­»æœº,æ·±åº¦ä¹‹å®¶,21 å°æ—¶å‰,ã€å…¶ä»–ã€‘,https://bbs.deepin.org/zh/post/272746,1,36,NA
å°ä¼é¹…è¾“å…¥æ³•5æ€ä¹ˆè®¾ç½®å¤§å†™å­—æ¯ç›´æ¥ä¸Šå±,è€å’¸é±¼,1 å¤©å‰,ã€é—®é¢˜æ±‚åŠ©ã€‘,https://bbs.deepin.org/zh/post/272745,10,150,æœ‰äººçŸ¥é“å®‰å“ç‰ˆå°ä¼é¹…è¾“å…¥æ³•5æ€ä¹ˆè®¾ç½®å¤§å†™å­—æ¯ç›´æ¥ä¸Šå±å—ï¼Ÿ
ç²ç‘æµè§ˆå™¨å®‰è£…å¤ªæ…¢,æ·±åº¦ä¹‹å®¶,1 å¤©å‰,ã€å…¶ä»–ã€‘,https://bbs.deepin.org/zh/post/272744,3,184,NA
å£çº¸åˆ†äº«,åº¦æ·±è“,1 å¤©å‰,ã€å£çº¸ã€‘,https://bbs.deepin.org/zh/post/272743,11,267,NA
Linuxä¹‹çˆ¶ä¸ä»…æš´è„¾æ°”ï¼Œâ€œåƒç‹—ç²®â€ä¹Ÿæ˜¯æœ€ç§¯æï¼,åº†ä½™å¹´,1 å¤©å‰,ã€å¿ƒæƒ…éšç¬”ã€‘,https://bbs.deepin.org/zh/post/272742,7,499,åŸæ–‡é“¾æ¥
v23 RC æ¡Œé¢å¿«æ·æ–¹å¼æƒé™ï¼ˆåº”ç”¨å•†åº—åº”ç”¨ å¤šä¸ªè¿‘æœŸå®‰è£…ä»…åªè¯»ï¼Œæ—©æœŸå®‰è£…æ­£å¸¸ï¼‰,æ·±åº¦ä¹‹å®¶,1 å¤©å‰,ã€å…¶ä»–ã€‘,https://bbs.deepin.org/zh/post/272741,1,79,NA
ã€è½¬ã€‘æŸå¤§ç¥å¯¹ é¸¿è’™ çš„è¯„è®º,åº†ä½™å¹´,1 å¤©å‰,ã€å¿ƒæƒ…éšç¬”ã€‘,https://bbs.deepin.org/zh/post/272740,15,569,NA
æµè§ˆå™¨æ— æ³•è®¿é—®ç™¾åº¦ç½‘é¡µ,Lavender,1 å¤©å‰,ã€é—®é¢˜æ±‚åŠ©ã€‘,https://bbs.deepin.org/zh/post/272739,3,103,ç³»ç»Ÿä½¿ç”¨æ— çº¿è¿æ¥ æ‰“å¼€è‡ªå¸¦æµè§ˆå™¨è¾“å…¥baiduæ˜¾ç¤ºæ— æ³•æ‰¾åˆ°æœåŠ¡å™¨IP å·²çŸ¥ç”µè„‘ç½‘ç»œæ˜¯æ­£å¸¸è¿æ¥ã€å¯ä»¥æ­£å¸¸æ£€æµ‹åˆ°ç³»ç»Ÿæ›´æ–°ã€QQç™»å½•ã€å¾®ä¿¡ç™»å½•ç­‰ã€å¯¹æ— çº¿ç½‘ç»œè¿æ¥ä½¿ç”¨äº†æŒ‡å®šçš„DNS114.114.114.114å°±æ˜¯æ— æ³•æ‰“å¼€ç™¾åº¦åŠå…¶å®ƒçš„ç½‘é¡µ æ±‚è§£~~~
deepinv23 é¾™èŠ¯ç‰ˆ qqå’ŒVSCodiumå¯åŠ¨å¾ˆæ…¢é—®é¢˜åŠä¸´æ—¶ç»“å±€æ–¹æ¡ˆ,å¿ƒæŒæ’,1 å¤©å‰,ã€äº¤æµåˆ†äº«ã€‘,https://bbs.deepin.org/zh/post/272738,8,279,qqå’Œvscodiuméƒ½ä»æ˜Ÿç«å•†åº—å®‰è£…ï¼Œç”¨å‘½ä»¤ç›´æ¥æ‰“å¼€éƒ½æ²¡é—®é¢˜ç§’å¼€ï¼Œä½†ç›´æ¥ç‚¹å‡»å›¾æ ‡å¯åŠ¨åˆ™ä¼šå¾ˆæ…¢å¹¶ä»¥ä¸‹è¿›ç¨‹å ç”¨éå¸¸é«˜
æ²¡æœ‰æ˜¾ç¤ºè®¾å¤‡é©±åŠ¨ä¿¡æ¯,è¿·ä½ çƒ,1 å¤©å‰,ã€è®¾å¤‡ç®¡ç†å™¨ã€‘,https://bbs.deepin.org/zh/post/272737,1,82,æ’å…¥è®¾å¤‡æ—¶ï¼Œæ²¡æœ‰æ˜¾ç¤ºè®¾å¤‡å¯¹åº”çš„é©±åŠ¨ä¾›å®‰è£…
ä»»åŠ¡æ é…ç½®ä¸èƒ½ä¿å­˜,kingecg,1 å¤©å‰,ã€ä»»åŠ¡æ ã€‘,https://bbs.deepin.org/zh/post/272736,2,75,ç‰ˆæœ¬ï¼šV23 RC
21.9è½¯ä»¶ä¸­å¿ƒå®‰è£…åšæœäº‘ä¸èƒ½ç™»å½•,130******90,1 å¤©å‰,ã€æ·±åº¦æ¢ç´¢ã€‘,https://bbs.deepin.org/zh/post/272735,0,77,æ·±åº¦21.9è½¯ä»¶ä¸­å¿ƒå®‰è£…åšæœäº‘ä¸èƒ½ç™»å½•ï¼Œå’‹å›äº‹å•Šï¼Ÿéº»çƒ¦å¤§ä½¬å¸®å¸®æˆ‘ï¼è°¢è°¢
å®‰è£…å™¨ï¼šå®‰è£…è½¯ä»¶ï¼Œä¾èµ–å…³ç³»ä¸è¶³,æ·±åº¦ä¹‹å®¶,1 å¤©å‰,ã€å…¶ä»–ã€‘,https://bbs.deepin.org/zh/post/272734,2,87,NA
æ¯æ¬¡ç³»ç»Ÿå‡çº§åï¼Œç³»ç»Ÿç›˜éƒ½ä¼šå˜å¤§ï¼Œæ€ä¹ˆè§£å†³æˆ–è€…åˆ é™¤ä¸ç”¨çš„ä¸œè¥¿ã€‚,æ—¶å…‰æ­£å¥½,1 å¤©å‰,ã€ç³»ç»Ÿå®‰è£…ã€‘,https://bbs.deepin.org/zh/post/272732,10,447,æ¯æ¬¡ç³»ç»Ÿå‡çº§åï¼Œç³»ç»Ÿç›˜éƒ½ä¼šå˜å¤§ï¼Œæ€ä¹ˆè§£å†³æˆ–è€…åˆ é™¤ä¸ç”¨çš„ä¸œè¥¿ã€‚ï¼ˆä¸æ‡‚æŠ€æœ¯ï¼Œå°ç™½ä¸€ä¸ªï¼‰
å®‰è£…ç•Œé¢é»‘å±,133******34,2024-05-20 16:41,ã€é—®é¢˜æ±‚åŠ©ã€‘,https://bbs.deepin.org/zh/post/272731,13,98,å®‰è£…ç•Œé¢ä»£ç åˆ·å®Œé»‘å±æˆ–æœ‰æ—¶å€™ç›´æ¥å¡ä»£ç ...å…³é—­äº†å¿«é€Ÿå¯åŠ¨...BARå…³é—­...é›†æˆç½‘å¡ç¦ç”¨.å–æ‰åŒæ˜¾å¡(950)æ‹”æ‰åŒæ˜¾ç¤ºå™¨(2).éƒ½æ— æ³•è¿›å…¥å®‰è£…ç•Œé¢...æ¯æ¬¡å¡ä»£ç ä¸åŒ..æœ‰æ—¶å€™ä»£ç åˆ·å®Œé»‘å±
å®‰è£…ä¸åˆ°åŠä¸ªæœˆçš„ç³»ç»Ÿï¼Œæ•°æ®ç›˜å´å ç”¨äº†ä¸€åŠï¼Œä¸ºä»€ä¹ˆï¼Ÿ,189******45,2024-05-20 16:35,ã€æ–°æ‰‹æ•™ç¨‹ã€‘,https://bbs.deepin.org/zh/post/272730,7,648,ç³»ç»Ÿæ˜¯5æœˆ9æ—¥å®‰è£…çš„ï¼Œä¸åˆ°åŠä¸ªæœˆï¼Œå°±å®‰è£…äº†wpså’Œ360æµè§ˆå™¨ï¼Œä¸ºä»€ä¹ˆä¼šå ç”¨è¿™ä¹ˆå¤šï¼Ÿ
æ·±åº¦ä»“åº“æ— æ³•è®¿é—®,ç¥æœ«shenmo,2024-05-20 16:17,ã€ä»“åº“/é•œåƒã€‘,https://bbs.deepin.org/zh/post/272729,6,188,è¾½å®è”é€š
ç¡¬ç›˜æ ¼å¼ä¿®æ”¹,å‘œå–µç‹,2024-05-20 16:05,ã€äº¤æµåˆ†äº«ã€‘,https://bbs.deepin.org/zh/post/272728,2,118,ç©äº†ä¸€æ®µæ—¶é—´linuxåï¼Œé‡è£…æ–°çš„Deepin V23 RCï¼Œé‚åˆ†åŒº2ä¸ªï¼š
å°ç‘•ç–µ è½¯ä»¶åŒ…å®‰è£…å™¨æ–‡å­—æ˜¾ç¤ºä¸å…¨,æ·±åº¦ä¹‹å®¶,2024-05-20 16:00,ã€å…¶ä»–ã€‘,https://bbs.deepin.org/zh/post/272727,1,84,NA
åœ¨deepiné‡Œé¢å¦‚ä½•ç”¨Rè¯­è¨€ä¸‹è½½ä¸€æœ¬å°è¯´çš„ç®€å•ç¤ºä¾‹,fallingstar-ten,2024-05-20 15:28,ã€å…¶ä»–ã€‘,https://bbs.deepin.org/zh/post/272726,2,138,ç©ç‚¹å¥½ç©çš„å§å¤§å®¶ï¼Œå°‘ç‚¹äº‰åµ ï¼Œlove&peaceï¼
mysql8.4ä¸­æ–‡æ‰‹å†Œ,wlly-lzh,2024-05-20 15:18,ã€ç¿»è¯‘æ±‰åŒ–ã€‘,https://bbs.deepin.org/zh/post/272725,2,116,ç½‘å€ï¼šhttps://cunzaima.cn/mysql8.4-zh/dev.mysql.com/doc/refman/8.4/en/index.html
æœ‰äººçŸ¥é“æ–‡ä»¶è¾“å…¥/è¾“å‡ºé”™è¯¯æ˜¯ä»€ä¹ˆé—®é¢˜å˜›ï¼Ÿ,ç¦»,2024-05-20 15:11,ã€æ”¹è¿›å»ºè®®ã€‘,https://bbs.deepin.org/zh/post/272724,3,80,å¦‚ä¸‹å›¾ï¼š
æˆªå›¾åŠŸèƒ½ä¸èƒ½ç”¨äº†,ç«‹é’,2024-05-20 15:09,ã€é—®é¢˜æ±‚åŠ©ã€‘,https://bbs.deepin.org/zh/post/272723,11,283,ä¸Šå‘¨å°±å‘ç”Ÿäº†ï¼ŒæŒ‰Ctr+alt+a,æ²¡æœ‰åæ˜ ï¼Œæˆ‘æ‰“å¼€è®¾ç½®æŸ¥çœ‹ï¼Œæˆªå›¾å¿«æ·é”®æ²¡æœ‰é—®é¢˜ï¼Œä½†æ€ä¹ˆæŒ‰éƒ½æ²¡ç”¨ï¼Œæ”¹ä¸€ä¸ªå¿«æ·é”®ä¹Ÿæ²¡æœ‰ç”¨ï¼Œç”šè‡³æŒ‰PrintScreené”®ä¹Ÿæ²¡æœ‰æ•ˆæœï¼Œæœ‰åŠæ³•ä¿®å¤å—ï¼Ÿ
ä»»åŠ¡æ ä½ç½®æ”¹å˜ä¸äº†,æ·±åº¦ä¹‹å®¶,2024-05-20 15:00,ã€å…¶ä»–ã€‘,https://bbs.deepin.org/zh/post/272722,1,69,NA
V23rcé¼ æ ‡æŒ‡é’ˆæ¶ˆå¤±,Excalibur9527,2024-05-20 14:55,ã€ç³»ç»Ÿå®‰è£…ã€‘,https://bbs.deepin.org/zh/post/272721,2,88,ä»å®‰è£…ç•Œé¢å°±çœ‹ä¸è§é¼ æ ‡æŒ‡é’ˆï¼Œå‹‰å¼ºé æ‘¸ç´¢å®‰è£…ï¼Œç»“æœå¼€æœºä¹‹åè¾“å…¥ç”¨æˆ·åç§°è¿‡ä¸å»ï¼Œæ ¹æœ¬æ‰¾ä¸åˆ°é¼ æ ‡ä½ç½®ï¼Œbç«™ä¹Ÿæœ‰äººåé¦ˆç›¸åŒé—®é¢˜ï¼Œæ˜¾ç¤ºå™¨åˆ†è¾¨ç‡4kï¼Œä¸çŸ¥é“æ˜¯ä¸æ˜¯å’Œæ˜¾ç¤ºå™¨æœ‰å…³ï¼Ÿ
ç»§ç»­è®¨è®ºï¼šæ—¶æ•ˆçš„é—®é¢˜ã€‚,kuxise,2024-05-20 14:50,ã€å¿ƒæƒ…éšç¬”ã€‘,https://bbs.deepin.org/zh/post/272720,0,210,1ã€ä¸ªäººè§‰å¾—ï¼Œå…³äºæ—¶æ•ˆè¿˜æ˜¯æœ‰å¿…è¦çš„ï¼Œè¦ä¸ç„¶ä¸€ç›´æ‰¾è€å¸ï¼Œæ—¶é—´ç²¾åŠ›æ¶ˆè€—ä¸èµ·ï¼Œå°±æ˜¯æ³•å¾‹ä¸Šä¹Ÿæœ‰è¿™ä¸€è¯´ï¼Œè®¨å¸ä¹Ÿè¿˜æœ‰æ—¶æ•ˆå‘¢ï¼Œè¿‡æœŸå¤±æ•ˆ/ã€‚
AIç»˜å›¾ï¼šæ„¿çˆ±åœ¨ä½ å·¦å³ï¼ˆé™„æç¤ºè¯ï¼‰,Gnomic,2024-05-20 14:45,ã€ç»éªŒåˆ†äº«ã€‘,https://bbs.deepin.org/zh/post/272719,2,101,æç¤ºè¯ï¼šå¤œæ™šï¼Œä¸°å¯Œå¤šå½©çš„ï¼Œå¤©ç©ºä¸­æ»¡æ˜¯çƒŸèŠ±ï¼Œå¿ƒå½¢æ°”æ³¡ï¼Œå¡é€šï¼Œèƒ–ä¹ä¹çš„å’Œå°ç”·å­©äº’ç›¸æ‹¥æŠ±ï¼Œå‘¨åœæœ‰ç™¼å…‰çš„è¢ç«èŸ²ï¼Œå…’ç«¥æ’ç•«ï¼Œç™¼å…‰æ•ˆæœï¼Œæ™¯æ·±ï¼Œå¼·èª¿ï¼ŒçœŸå¯¦çš„å…‰ï¼Œå°„ç·šè¿½è¹¤ï¼Œoc æ¸²æŸ“ï¼Œè¶…ç°å®ä¸»ä¹‰ï¼Œæœ€å¥½çš„å“è´¨ï¼Œ8Kï¼Œå¤§å¸ˆä½œå“
é‡è¦çš„ç³»ç»Ÿåº”ç”¨ä¸åº”è¯¥æä¾›å³é”®å¸è½½é€‰é¡¹,Tonny,2024-05-20 14:17,ã€æ”¹è¿›å»ºè®®ã€‘,https://bbs.deepin.org/zh/post/272717,22,320,å³é”®å¸è½½é€‰é¡¹å¯èƒ½è®©æˆ‘ä»¬è¿™äº›å°ç™½è¯¯ä»¥ä¸ºè¿™ä¸ªè½¯ä»¶ä¸æ˜¯å¾ˆé‡è¦ï¼Œç¨€é‡Œç³Šæ¶‚å°±å¸è½½äº†ã€‚
ä¸ºå•¥å‡çº§çš„æ—¶å€™ä¸€å®šè¦å¤‡ä»½å•Šï¼Ÿ,huazelei119,2024-05-20 13:53,ã€æ”¹è¿›å»ºè®®ã€‘,https://bbs.deepin.org/zh/post/272716,12,396,å¦‚é¢˜  ä¸ºå•¥å‡çº§å‰ä¸€å®šè¦å¤‡ä»½å•Šï¼Ÿå°±å‡çº§ä¸ªå®‰å…¨è¡¥ä¸éƒ½è¿˜è¦å¤‡ä»½åŠå¤©    çœŸçš„æ˜¯æœäº†ã€‚å¤‡ä»½æ–‡ä»¶åˆå å†…å­˜ï¼Œæœ¬æ¥å°±æ˜¯æŠ˜è…¾ç‰ˆæœ¬çš„ç³»ç»Ÿï¼Œå‡çº§æœ‰é—®é¢˜é‡è£…å‘—ï¼Œåˆä¸æ˜¯å•†ä¸šç‰ˆç”¨é€”çš„ç³»ç»Ÿã€‚æˆ–è€…ç»™ç»™å¼€å…³éƒ½è¡Œï¼ŒæŠŠé€‰æ‹©æƒäº¤ç»™ç”¨æˆ·ã€‚
å¸Œæœ›æ·»åŠ AMD-RAIDçš„é©±åŠ¨ï¼ˆå¦‚æœæœ‰ï¼‰,kiana,2024-05-20 13:23,ã€æ”¹è¿›å»ºè®®ã€‘,https://bbs.deepin.org/zh/post/272715,4,172,cpuæ˜¯5600Gï¼Œä¸»æ¿æ˜¯åç¡•B550ï¼Œä½¿ç”¨äº†ä¸»æ¿çš„RAIDå°†ä¸¤å—SATAçš„SSDç»„æˆR0ï¼Œå®‰è£…ç³»ç»Ÿæ—¶å‘ç°æ— æ³•è¯†åˆ«ç¡¬ç›˜ï¼ŒåŒ…æ‹¬SSDé˜µåˆ—å’Œç‹¬ç«‹çš„SATAç¡¬ç›˜
è®ºå›æ”¹è¿›å»ºè®®ï¼ˆ0.2ï¼‰,dpme,2024-05-20 13:09,ã€è®ºå›å»ºè®®ã€‘,https://bbs.deepin.org/zh/post/272714,7,249,NA
æä¸ªå»ºè®®ï¼Œä¸é€‚é…å½“å‰ç³»ç»Ÿçš„åº”ç”¨ä¸è¦ä¸‹æ¶,userqian,2024-05-20 13:08,ã€å¿ƒæƒ…éšç¬”ã€‘,https://bbs.deepin.org/zh/post/272713,11,265,æä¸ªå»ºè®®ï¼Œåº”ç”¨å•†åº—ä¸é€‚é…å½“å‰ç³»ç»Ÿçš„åº”ç”¨ä¸è¦ä¸‹æ¶ï¼Œå°±æ˜¯æŠŠå®‰è£…æŒ‰é’®å˜æˆç°è‰²ï¼Œæ˜¾ç¤ºä¸å…¼å®¹å³å¯ï¼Œæˆ–è€…æ˜¾ç¤ºä¸‹å½“å‰åº”ç”¨å…¼å®¹çš„ç³»ç»Ÿç‰ˆæœ¬ï¼Œç„¶åå¤§å®¶å¯ä»¥å‚¬æ›´ï¼Œç°åœ¨çš„æ„Ÿè§‰å°±æ˜¯åº”ç”¨å•†åº—é‡Œé¢çš„æœ‰äº›å¸¸ç”¨åº”ç”¨ï¼Œè«ç§’å¥‡å¦™çš„æ¶ˆå¤±äº†ï¼Œä¸çŸ¥é“å•¥åŸå› 
V23ä¸­å¦‚ä½•ä½¿ç”¨V20çš„æºå®‰è£…è½¯ä»¶,paloffice,2024-05-20 12:29,ã€é—®é¢˜æ±‚åŠ©ã€‘,https://bbs.deepin.org/zh/post/272712,10,217,æˆ‘æœ‰ä¸ªè½¯ä»¶åœ¨V20é‡Œé¢æœ‰ï¼Œä½†æ˜¯åˆ°äº†V23é‡Œé¢æ²¡æœ‰äº†ï¼Œæœ‰æ²¡æœ‰åŠæ³•ä¸´æ—¶æ·»åŠ ä¸€ä¸‹V20çš„æºï¼Œå®‰è£…è¿™ä¸ªè½¯ä»¶
å¯åŠ¨èœå•é‡Œé¢çš„é¡¹ç›®å›¾æ ‡ä¸¢å¤±,paloffice,2024-05-20 12:13,ã€é—®é¢˜æ±‚åŠ©ã€‘,https://bbs.deepin.org/zh/post/272711,3,75,æ¡Œé¢å›¾æ ‡æ˜¾ç¤ºæ­£å¸¸ï¼Œä½†æ˜¯å¯åŠ¨èœå•é‡Œé¢å›¾æ ‡æ˜¾ç¤ºä¸äº†ï¼Œè¿™æ˜¯ä»€ä¹ˆåŸå› å‘€ï¼Œèƒ½è§£å†³å—ï¼Ÿ
æ‰“åŒ…deb-è‡ªåŠ¨å¯¼å…¥dockeré•œåƒ-è‡ªåŠ¨åˆ›å»ºå®¹å™¨,é…·è°·çš„è°·å­,2024-05-20 11:24,ã€å†…å®¹æŠ•ç¨¿ã€‘,https://bbs.deepin.org/zh/post/272710,9,266,ç°åœ¨dockerå®¹å™¨ä½¿ç”¨è¶Šæ¥è¶Šé¢‘ç¹ æ‰€ä»¥åšäº†ä¸€ä¸ª  æ‰“åŒ… docker é•œåƒ å¯¼å…¥ è¿™æ ·ä¸€ä¸ªæ¨¡æ¿
Android 15 Beta 2ï¼ŒåŸç”Ÿçš„åº”ç”¨å¤šå¼€æ–¹æ¡ˆæ¥äº†,æµæµªçš„åŠ è²,2024-05-20 11:22,ã€è¡Œä¸šèµ„è®¯ã€‘,https://bbs.deepin.org/zh/post/272709,3,313,5 æœˆ 16 æ—¥å‡Œæ™¨ï¼ŒAndroid 15 å‘åŒ…æ‹¬ Pixel 8a åœ¨å†…çš„æœºå‹æ¨é€äº†ç¬¬äºŒä¸ªæµ‹è¯•ç‰ˆæœ¬ã€‚
è®ºå›å†…ä½ ä»¬èƒ½é”ï¼Œè®ºå›å¤–å‘¢ï¼Ÿä¹Ÿèƒ½é”å—ï¼Ÿå½“äº†ç‰ˆä¸»èƒ½ä¸Šå¤©äº†ï¼Ÿ,kuxise,2024-05-20 10:50,ã€å¿ƒæƒ…éšç¬”ã€‘,https://bbs.deepin.org/zh/post/272708,22,1000,ä¸å¥½æ„æ€ï¼Œæœ¬æ¥ä¸æƒ³è¯´å¤ªå¤šï¼Œä½†ä¹Ÿæœ‰äººçœ‹ä½ ä»¬ä¸é¡ºçœ¼ï¼Œæ²¡åŠæ³•ï¼Œå€Ÿæˆ‘ä¹‹æ‰‹è€Œå·²ã€‚
é¾™èŠ¯3A6000çš„æœºå™¨ï¼Œå®‰è£…äº†LoongArch64çš„DEEPIN V23å¯åŠ¨ä¸äº†å•Š,æ –å¿—æµ®äº‘,2024-05-20 10:42,ã€é—®é¢˜æ±‚åŠ©ã€‘,https://bbs.deepin.org/zh/post/272707,20,417,å¦‚é¢˜ï¼Œ3A6000çš„æœºå™¨ï¼Œç›®å‰å®‰è£…çš„æ˜¯UOS20-1070ã€‚ä»deepin.orgä¸‹è½½äº†V23çš„LOONGARCH64æŠ€æœ¯é¢„è§ˆç‰ˆï¼Œå¯ä»¥å®‰è£…ï¼Œä½†å¯åŠ¨ä¸äº†ã€‚
æ–‡ä»¶ç®¡ç†å™¨æ— æ³•è°ƒç”¨VLCæ‰“å¼€ntfsæ–‡ä»¶ç³»ç»Ÿé‡Œé¢ä¸­æ–‡åçš„è§†é¢‘,æ›¾å¤§æ³¢,2024-05-20 10:32,ã€æ§åˆ¶ä¸­å¿ƒã€‘,https://bbs.deepin.org/zh/post/272706,2,170,åœ¨æ–‡ä»¶ç®¡ç†å™¨ä¸­ï¼Œæµè§ˆå¹¶åŒå‡»ä¸­æ–‡åçš„è§†é¢‘ç”¨vlcæ‰“å¼€ä¼šæŠ¥é”™ï¼Œç›´æ¥åœ¨vlcé‡Œé¢ï¼Œç”¨æ‰“å¼€æ–‡ä»¶èœå•æµè§ˆæ‰“å¼€è§†é¢‘æ²¡é—®é¢˜ï¼
deepinv23å¯†ç é”å®šå¦‚ä½•è§£é™¤,sdxt1023,2024-05-20 10:27,ã€å…¶ä»–ã€‘,https://bbs.deepin.org/zh/post/272704,1,136,å¯†ç é”å®š300åˆ†é’Ÿï¼Œå¦‚ä½•è§£é™¤è¿™ä¸ªé™åˆ¶
æœºæ¢°é©å‘½æ— ç•Œ15pro 8845hs è§¦æ§æ¿æˆ–æ— çº¿ä¸å¯ç”¨,130******09,2024-05-20 10:25,ã€å†…æ ¸/é©±åŠ¨ã€‘,https://bbs.deepin.org/zh/post/272703,2,93,æœºæ¢°é©å‘½æ— ç•Œ15 PRO R7-8845HS,ç½‘å¡ ax200
æ·±åº¦ä¹‹å®¶ éœ€è¦æ”¹è¿›,Tonny,2024-05-20 10:25,ã€æ”¹è¿›å»ºè®®ã€‘,https://bbs.deepin.org/zh/post/272702,9,180,åªèƒ½ä¼ æˆªå›¾ï¼Œè¿˜é™åˆ¶1MBï¼Œä¸ºä»€ä¹ˆä¸åƒè®ºå›ä¸€æ ·å¯ä»¥ä¼ é™„ä»¶ï¼ŸåŒæ—¶æ–‡ä»¶å¤§å°é™åˆ¶(åŒ…æ‹¬è®ºå›)å¸Œæœ›èƒ½æé«˜åˆ°10MB
å®‰è£…çš„è½¯ä»¶åœ¨èœå•æ å‡ºç°ä¸¤æ¡ç›¸åŒçš„é¡¹,paloffice,2024-05-20 10:16,ã€é—®é¢˜æ±‚åŠ©ã€‘,https://bbs.deepin.org/zh/post/272701,5,91,å®‰è£…äº†ç¾¤æ™–çš„å®¢æˆ·ç«¯ï¼Œä»ç¾¤æ™–å®˜ç½‘ä¸‹è½½çš„debæ–‡ä»¶ç›´æ¥å®‰è£…çš„ï¼Œå½“æ—¶å®‰è£…æ—¶å€™æ²¡å•¥é—®é¢˜ï¼Œä¸€åˆ‡æ­£å¸¸ï¼Œèœå•æ å°±ä¸€æ¡é¡¹ç›®ï¼Œä½†æ˜¯ä»Šå¤©å¼€æœºå‘ç°èœå•æ è«åå¥‡å¦™å˜æˆä¸¤æ¡é¡¹ç›®äº†ï¼Œè€Œä¸”ä¸€æ¡ç‚¹å‡»æ˜¯å¯ä»¥æ‰“å¼€è½¯ä»¶ï¼Œå¦ä¸€æ¡ç‚¹å‡»æ²¡æœ‰ä»»ä½•ååº”ï¼Œè¿™æ˜¯ä»€ä¹ˆæƒ…å†µå‘€ï¼Œå¦‚ä½•åˆ é™¤é‚£æ¡æ²¡ç”¨çš„é¡¹ç›®å‘€
v23rcå¯åŠ¨å™¨çš„èƒŒæ™¯ä¸ä¼šéšåˆ‡æ¢å·¥ä½œåŒºæ”¹å˜,Tonny,2024-05-20 10:11,ã€å¯åŠ¨å™¨ã€‘,https://bbs.deepin.org/zh/post/272700,0,64,NA
é‚®ç®±å·¥å…·çªç„¶æ¶ˆå¤±äº†ï¼Ÿ,paloffice,2024-05-20 10:09,ã€é—®é¢˜æ±‚åŠ©ã€‘,https://bbs.deepin.org/zh/post/272699,5,103,ä»Šå¤©æ—©ä¸Šå¼€æœºå‘ç°é‚®ç®±å·¥å…·æ²¡æœ‰äº†ï¼Œæˆ‘ç¡®å®šæ²¡æœ‰åˆ é™¤è¿‡ï¼Œå»åº”ç”¨å•†åº—ä¹Ÿæœç´¢ä¸åˆ°ç³»ç»Ÿè‡ªå¸¦çš„é‚£æ¬¾é‚®ç®±å·¥å…·ï¼Œè¿™æ˜¯ä¸‹æ¶äº†å—ï¼Ÿ
RCï¼Œç¬”è®°æœ¬ç”µè„‘çš„è“ç‰™é¼ æ ‡ï¼Œå¡é¡¿ä¸¥é‡ï¼Œæ±‚åŠ©ï¼Ÿ,å­¦æ€,2024-05-20 10:08,ã€é—®é¢˜æ±‚åŠ©ã€‘,https://bbs.deepin.org/zh/post/272698,6,101,RCï¼Œç¬”è®°æœ¬ç”µè„‘çš„è“ç‰™é¼ æ ‡ï¼Œå¡é¡¿ä¸¥é‡ï¼Œè¯·é—®å¦‚ä½•å¤„ç†ï¼Ÿ
è”æƒ³ç¬”è®°æœ¬åˆ·æ–°ç‡ä¸å¯¹,é™†é™†,2024-05-20 10:05,ã€å†…æ ¸/é©±åŠ¨ã€‘,https://bbs.deepin.org/zh/post/272697,2,92,ç¬”è®°æœ¬å‹å·2022å°æ–°pro14ï¼Œåˆ†è¾¨ç‡æ­£å¸¸2.8kï¼ŒåŸæœ¬æˆ‘çš„å±å¹•æ˜¯æ”¯æŒ120hzåˆ·æ–°ç‡çš„ï¼Œä½†æ˜¯ç³»ç»Ÿè®¾ç½®é‡Œåªæœ‰60.01hzï¼Œæ— æ³•è°ƒæˆ120hzï¼Œæ‰“å¼€ç³»ç»Ÿè®¾å¤‡ç®¡ç†æ˜¾ç¤ºåˆ†è¾¨ç‡æ­£å¸¸2.8kï¼Œä½†åˆ·æ–°ç‡åªæ”¯æŒ60hzï¼Œè®¾å¤‡ç®¡ç†å™¨é‡Œé¢æ˜¾ç¤ºé©±åŠ¨æ˜¯æœ€æ–°çš„
ä»»åŠ¡æ é—®é¢˜,æ·±åº¦ä¹‹å®¶,2024-05-20 10:05,ã€å…¶ä»–ã€‘,https://bbs.deepin.org/zh/post/272696,1,66,NA
å‘¨ä¸€äº†ï¼Œä¸Šç­äº†ï¼Œäº‹ä»¶è¯¥åšäº†ç»“äº†ã€‚,kuxise,2024-05-20 10:02,ã€è¯é¢˜è®¨è®ºã€‘,https://bbs.deepin.org/zh/post/272695,5,759,ä¸æƒ¹äº‹ï¼Œä¹Ÿä¸æ€•äº‹ï¼Œä¸è§£å†³æ˜¯ä¸å¯èƒ½çš„ï¼Œå…ˆè¡¨ä¸ªæ€ï¼Œä¸ä¼šä¸»åŠ¨èµ°ï¼Œæ‰€ä»¥ä¸è¦æƒ³ç€é€¼èµ°åˆ«äººçš„é‚£ä¸€å¥—ã€‚
æ¸…æ˜èŠ‚æ°”å£çº¸æ— æ³•ä¸‹è½½,166******10,2024-05-20 09:58,ã€åº”ç”¨å•†åº—ã€‘,https://bbs.deepin.org/zh/post/272694,1,63,ä¸€ç›´æç¤ºæºæ›´æ–°å¤±è´¥
æ²¡æ³•è°ƒæ•´ä»»åŠ¡æ ä½ç½®,æ·±åº¦ä¹‹å®¶,2024-05-20 09:52,ã€å…¶ä»–ã€‘,https://bbs.deepin.org/zh/post/272693,2,46,NA
å³ä¸‹è§’å›¾æ ‡å¸Œæœ›èƒ½æ˜¾ç¤ºå‡ºæ¥ä¸éšè—ã€‚,æ·±åº¦ä¹‹å®¶,2024-05-20 09:45,ã€å…¶ä»–ã€‘,https://bbs.deepin.org/zh/post/272692,3,42,NA
deepin v23 rcæ˜¯æ­£å¼ç‰ˆå—ï¼Ÿ,è¯¯å·®çš„æ—¶é—´,2024-05-20 09:35,ã€é—®é¢˜æ±‚åŠ©ã€‘,https://bbs.deepin.org/zh/post/272690,7,284,deepin v23 rcæ˜¯æ­£å¼ç‰ˆè¿˜æ˜¯å†…æµ‹ç‰ˆï¼Ÿ
æˆ‘çµ¦Win10,LinuxMint,deepin v23RCçš„è©•åˆ†,MrHunt,2024-05-20 09:33,ã€äº¤æµåˆ†äº«ã€‘,https://bbs.deepin.org/zh/post/272689,7,334,æ²’å•é¡Œç™¼å•, åªæ˜¯åˆ†äº«çµ¦å¤§å®¶ç”¨å¾Œæ„Ÿ. è©¦ç”¨äº†deepin V23 RCä¸‰å¤©. 100%ä»£è¡¨æœ€å¥½, 0%å®Œå…¨ä¸å¯æ¥å—. æˆ‘çš„è¦æ±‚: é™¤äº†äººå·¥åˆ†ç¡¬ç›¤partitionå¤–,  å…¶å®ƒéƒ½æ˜¯æŒ‰mouseéµ"ä¸‹ä¸€æ­¥"å°±å…¨éƒ¨è£å¥½, è·Ÿç€é‡èµ·ç›´æ¥é–‹å§‹ç”¨. æˆ‘å€‹äººå®¶åº­ä½¿ç”¨: æ–‡æ›¸, ç¶²éŠ€, ä¸Šç¶², è½éŸ³æ¨‚,  Skype, çœ‹è¦–é »,  ä¸æ‰“éŠæˆ²çš„.
deepin V23 release update log May 17,2024,deepinå°åŠ©æ‰‹,2024-05-17 07:45,ã€Community Announcementsã€‘,https://bbs.deepin.org/en/post/272526,1,381,To ensure the quality of the deepin V23, we invite you to take part in the internal test. If you are interested in it, please follow the guide in the last part of this post.
deepin V23 RC release log,deepinå°åŠ©æ‰‹,2024-05-15 09:25,ã€Community Newsã€‘,https://bbs.deepin.org/en/post/272365,0,332,Please prioritize using the Control Center for system upgrades: Control Center - Updates - Check for Updates.
[Product face-to-face] V23 RC taskbar and launcher functions chat!,deepinå°åŠ©æ‰‹,2024-05-15 02:28,ã€Community Newsã€‘,https://bbs.deepin.org/en/post/272343,0,257,The release of the RC version is approaching. This post will be pinned to the top for a week. I hope everyone can learn about the new taskbar and launcher through this post. Everyone can communicate in this post to avoid divergent feedback.
ã€Februaryã€‘deepin community monthly report,yanjuner,2024-03-01 06:10,ã€Community Newsã€‘,https://bbs.deepin.org/en/post/268932,0,1335,In February 2024, 810 friends joined the deepin open source community family, and there are currently 151,817 forum partners;
Exciting atmosphere and story,g***9@gmail.com,6 hours ago,ã€Share Experiencesã€‘,https://bbs.deepin.org/en/post/272838,0,20,Baccarat game is one of the famous and widely known gambling games all over the world BCR99TH is an interesting game with a unique charm. We will explore and shine light on the highlights that make the game of Baccarat à¸­à¹ˆà¸²à¸™à¹€à¸à¸´à¹ˆà¸¡ It is loved by gamblers all over the world.
UI Hover Effects,Click Effects,are Missing in a lot of Things.,r***t@gmail.com,10 hours ago,ã€Contribute Adviceã€‘,https://bbs.deepin.org/en/post/272834,1,32,UI Hover Effects, Click Effects, are Missing in a lot of Things. Animations are also boring and have only linear easing (no speed changes as the animation progesses) in a lot of things. It is very simple, I think this is done intentionally because it is not that hard to fix this. here is a list of the parts of the OS that are affected by this:
Deepin Linux V23 RC there is not Deepin Store,p***p@icloud.com,16 hours ago,ã€problem helpã€‘,https://bbs.deepin.org/en/post/272815,0,48,Good afternoon. I installed Deepin Linux 23RC but for some reason there is no Deepin Store app store. It can be installed separately somehow, who knows?
deepin-WSL is updated to version 1.0.2.0,ç©ºæœ¨è“®è¯,20 hours ago,ã€ Content contributionã€‘,https://bbs.deepin.org/en/post/272798,0,50,deepin RC releases a new version, with an updated version of deepin-WSL.
limit for max apps on the dock,or scrollable dock,æ·±åº¦ä¹‹å®¶,2024-05-20 01:35,ã€Othersã€‘,https://bbs.deepin.org/en/post/272691,1,73,NA
How to enable touchpad gestures in Deepin 23?,c***v@gmail.com,2024-05-18 15:08,ã€problem helpã€‘,https://bbs.deepin.org/en/post/272635,1,329,How to enable touchpad gestures such as "pinch to zoom" and "2-finger horizontal scrolling" to go back and forth in web pages in Deepin 23?
Deepin campus union in Yachay tech university - Ecuador,Owensuwu,2024-05-17 16:15,ã€Share Experiencesã€‘,https://bbs.deepin.org/en/post/272564,2,129,We're excited to announce the successful launch of the Yachay Tech Free Software Club! Our inaugural meeting focused on establishing the club's agenda and providing an engaging introduction to Linux and Deepin. The presentation sparked great interest among attendees, and we're excited to see this enthusiasm translate into a growing deepin community, new experiences and more enthusiasts excited to develop free software designed for the operating system.
Reminder to adjust the default number of snapshots,deepinå°åŠ©æ‰‹,2024-05-17 07:42,ã€Community Newsã€‘,https://bbs.deepin.org/en/post/272525,0,236,Hello everyone,
More than 15 GB space need on System disk with Full Drive Encryption ?,Alphadon1,2024-05-17 03:59,ã€Seek Helpã€‘,https://bbs.deepin.org/en/post/272506,2,129,I find that the default system drive that Deepin creates, being limited to only 15GB is much too small and often presents a problem when the user  install many programs that may be necessary, in short this limited space allocation for system disk is used quickly, how can the user custom format the drive with full disk encryption but also be able to  increase the size of the system disk to 40 or 50 GB instead of the default 15GB, can someone help by outlining the steps necessary in this process?
Fix dependency problems in deepin with AmberCE,ç¥æœ«shenmo,2024-05-17 02:49,ã€App Sharingã€‘,https://bbs.deepin.org/en/post/272494,0,227,Encounter awkward dependency problems when using deepin or UOS Home Edition when try to install apps? It happens. Here are some common situations:
deepin V23 RC wine not found,giuseppe00,2024-05-16 16:51,ã€Online Gamesã€‘,https://bbs.deepin.org/en/post/272475,1,122,Good day I installed deepin V23 RC Im trying to install wine 8.00 or 9.00  but through the terminal it does not to find wine how can I install it on this version of deepin ?:
Deepin23RC upgrade make grub broken?,c***n@gmail.com,2024-05-16 04:38,ã€problem helpã€‘,https://bbs.deepin.org/en/post/272419,2,369,Hi all,
æ¯æ¬¡è¿è¡Œsudo apt --fix-broken installéƒ½è¦300å¤šç§’æ‰èƒ½ç»“æŸ,æ²ƒå¾·å¤©Â·æ³¥ç»´æ£®é™ŒÂ·æ‹‰è«å¸…,2024-05-16 02:52,ã€otherã€‘,https://bbs.deepin.org/en/post/272410,2,235,â€‹â€‹crt@crt-pc:~$ sudo apt --fix-broken installæ­£åœ¨è¯»å–è½¯ä»¶åŒ…åˆ—è¡¨... å®Œæˆ
English Language Installation,dbarronoss,2024-05-15 20:26,ã€problem helpã€‘,https://bbs.deepin.org/en/post/272392,2,169,Ok, I downloaded the RC iso and the default language is Chinese (which is fine), but can anyone easily tell me how to switch to English to perform an installation?  Kinda hard to get started if I can't read a single thing :0
Upgrading deepin v23 RC Linglong application loss solution and FAQ,deepinå°åŠ©æ‰‹,2024-05-15 08:06,ã€Community Newsã€‘,https://bbs.deepin.org/en/post/272357,0,402,The deepin V23 RC version has made major changes to improve linglong's design. After the upgrade, some of the original Linglong applications may become unusable. In response to this problem, we provide the Linglong repair tool. After the user upgrades to the RC version, if the user has installed Linglong applications before, after the upgrade, the user can run the Linglong repair tool in the launchpad to restore some of the original Linglong applications.
æ— çº¿é¼ æ ‡ç”µæ± å¯¿å‘½æŒ‡æ ‡,d***r@mail7.io,2024-05-13 11:01,ã€Seek Helpã€‘,https://bbs.deepin.org/en/post/272257,0,161,ä½ å¥½,å¦‚ä½•åœ¨æ¡Œé¢ç”¨æˆ·ç•Œé¢ä¸­æ·»åŠ æ— çº¿é¼ æ ‡ç”µæ± ç”Ÿå‘½æŒ‡æ ‡å›¾æ ‡?
GXDE Kernel Manager 1.1.0--Support getting data from apt database,gfdgd_xi,2024-05-12 09:36,ã€App Sharingã€‘,https://bbs.deepin.org/en/post/272206,2,183,GXDE å†…æ ¸ç®¡ç†å™¨æ˜¯ä¸€ä¸ªå¸®åŠ©ç”¨æˆ·æ›´æ–¹ä¾¿è·å–ã€å®‰è£…ã€ç§»é™¤å†…æ ¸çš„å·¥å…·ã€‚
May 10,2024 deepin V23 Update,deepinå°åŠ©æ‰‹,2024-05-10 12:09,ã€Community Announcementsã€‘,https://bbs.deepin.org/en/post/272125,0,266,To ensure the quality of the deepin V23, we invite you to take part in the internal test. If you are interested in it, please follow the guide in the last part of this post.
å¸Œæœ›å®‰è£…ç•Œé¢çš„å­—ç¬¦å¯ä»¥å®Œæ•´æ˜¾ç¤º,æ·±åº¦ä¹‹å®¶,2024-05-10 04:00,ã€Othersã€‘,https://bbs.deepin.org/en/post/272101,1,181,NA
Deepin not able to install PHP 8,a***k@gmail.com,2024-05-09 11:07,ã€problem helpã€‘,https://bbs.deepin.org/en/post/272074,1,209,I have the updated the v23  version and issue is still there. I want to install PHP 8 i have tried different tutorials and in last I followed this https://bbs.deepin.org/en/post/226891
dns server leaks after 20 minutes using openvpn,æ·±åº¦ä¹‹å®¶,2024-05-09 03:06,ã€Othersã€‘,https://bbs.deepin.org/en/post/272049,1,147,NA
can't change screen brightness on extensa 5230,æ·±åº¦ä¹‹å®¶,2024-05-09 02:00,ã€Othersã€‘,https://bbs.deepin.org/en/post/272043,1,147,NA
can't run latest vlc media player,æ·±åº¦ä¹‹å®¶,2024-05-06 10:00,ã€Othersã€‘,https://bbs.deepin.org/en/post/271944,2,175,NA
Explore deepin products! Detailed features,your queries invited!,deepinå°åŠ©æ‰‹,2024-05-06 06:19,ã€Community Newsã€‘,https://bbs.deepin.org/en/post/271921,0,355,Hi friends from the deepin community!
Run certain applications with dock/launcher,360matt,2024-05-04 12:25,ã€problem helpã€‘,https://bbs.deepin.org/en/post/271865,1,206,NA
Dock settings in 23 RC,ShaunStreeper,2024-05-02 15:02,ã€Forward Contentã€‘,https://bbs.deepin.org/en/post/271804,0,272,Hi, I hope you're able to have a good holiday for May Day/Golden Week!!!
Concerned and Disappointed in Recent Deepin 23 Updated - May 1-2024,Alphadon1,2024-05-01 19:25,ã€Suggestions for Improvementã€‘,https://bbs.deepin.org/en/post/271781,0,251,I have to say that I am completely shocked and saddened by the recent design choices that Deepin has made. Deepin previously was the most beautiful linux distribution in all of the linux world, but with each supposed update, the developers are actually making Deepin, less and less, than what it used to be and what we have come to expect from this distribution.
Software for electronic notes,r***r@gmail.com,2024-04-30 20:52,ã€Seek Helpã€‘,https://bbs.deepin.org/en/post/271731,1,179,Hello everyone, I need help with software for writing notes by hand.
April 30,2024 deepin V23,NA,NA,NA,NA,NA,NA
Update,deepinå°åŠ©æ‰‹,2024-04-30 01:56,ã€Community Announcementsã€‘,https://bbs.deepin.org/en/post/271656,6,1179,To ensure the quality of the deepin V23, we invite you to take part in the internal test. If you are interested in it, please follow the guide in the last part of this post.
HELLME,sanchez,2024-04-29 14:59,ã€problem helpã€‘,https://bbs.deepin.org/en/post/271628,2,161,I have a problem with deepin v23, when I install it my PC freezes, it freezes and I have to turn it off.
My PC is an AMD Ryzen 7 5800x,32 RAM.,NA,NA,NA,NA,NA,NA
deepin V23,sanchez,2024-04-28 19:31,ã€problem helpã€‘,https://bbs.deepin.org/en/post/271578,2,186,por favor en que fecha va a salier official la
New Mirror - Singapore - 10GBPS,karibuTW,2024-04-27 01:57,ã€Topic DIscussionã€‘,https://bbs.deepin.org/en/post/271494,4,270,Hello
deepin Attends the Intel Channel Partner Networking Fair,yanjuner,2024-04-26 05:42,ã€Community Newsã€‘,https://bbs.deepin.org/en/post/271446,0,253,On April 18, 2024, the highly anticipated Intel Channel Partner Networking Fair was held at the JW Marriott Hotel in Hong Kong.
swap,zram,zswap,swap space and memory compression scheme,yanjuner,2024-04-26 03:00,ã€deepin explorationã€‘,https://bbs.deepin.org/en/post/271440,1,387,zramÂ :Â It is just memory compression technology. Data cannot be saved when shutting down. If you do not want to use the hibernation function, you do not need to set up any swap partition. Set zram directly. Judging from the compression ratio of zstd 1:4, you set a memory ZRAM (16G) with twice the space (8G) actually takes up 50% of the physical memory (that is, 4G) when it is full, so you can think that you have 4+16=20G of memory to use.SwapÂ :Â This thing is called swap space. It generally has two forms, swap partition and swap file. If you only use it to open large files, it may be written to the hard disk swap space. It can also be used to hibernate and save work progress when power is turned off.zswapÂ :Â zswap is a kernel function that provides a compressed memory cache for swap pages. Pages that would otherwise be swapped to disk are compressed and stored in an in-memory storage pool. The difference compared with zram is that zswap works together with the swap device, while zram is an in-memory swap device and does not require a backup swap device. If you want to hibernate, you need swap. You can do this by adjusting the exchange rate. Don't always write data to swap. Memory compression solves the need for normal boot use. The data only needs to be saved to the hard disk during hibernation. It is simply a problem. Perfect solution.
Deepin 20.9 dock in Deepin v23,r***c@yandex.com,2024-04-24 10:50,ã€problem helpã€‘,https://bbs.deepin.org/en/post/271367,2,226,Is it possible to use Deepin 20.9 dock in v23? I prefer 20.9 dock because of many reasons : it goes from edge to edge, clock is normal size (in v23 you need a microscope to see current time), plug in area is more beautiful etc.
Animated thumbnail of apps in the dock #2,æ·±åº¦ä¹‹å®¶,2024-04-22 12:00,ã€Othersã€‘,https://bbs.deepin.org/en/post/271256,1,162,NA
Deepin on raspi5?,h***7@yahoo.com,2024-04-19 04:28,ã€Newbiesã€‘,https://bbs.deepin.org/en/post/271084,2,370,I have the following hardware setup:
ConfiguraciÃ²n AutenticaciÃ²n Biometrica Falla,æ·±åº¦ä¹‹å®¶,2024-04-18 08:00,ã€Othersã€‘,https://bbs.deepin.org/en/post/271045,1,182,NA
no application icons in dock,yarecco,2024-04-17 22:18,ã€Dockã€‘,https://bbs.deepin.org/en/post/271003,1,332,After update to internal testing of Deepin V23 I noticed that some third party applications like redshift-gtk ot radiotray-ng stopped to show in the right part of the dock ( task bar or whatever you want to call it).
Deep-Wine-Runner- how to change the display language to English,Alphadon1,2024-04-17 04:50,ã€problem helpã€‘,https://bbs.deepin.org/en/post/270970,5,318,In the software store for Deepin v23 Beta 3, there is an excellent wine wrapper called "Deep-Wine-Runner", is there and English version for this software that we can use or if not, is there a way to change the display language in the application to English for the English users of Deepin ? Thanks for the assistance.
Deepin Dock Keeps Freezing in Deepin V23 Beta 3,Alphadon1,2024-04-17 04:47,ã€problem helpã€‘,https://bbs.deepin.org/en/post/270969,0,400,The Deepin dock keeps freeing in the Beta 3 version of Deepin 23.This problem is present on the actual .iso file that was released and all updates since it's release has failed to fix this problem. Once the the dock freezes, there arre times where you can wait for a few minutes and then try clicking again and it may work, often however you have no choice but to restart the entire computer by pressing the power button for a few secounds to shut down. Any suggestion on how this can be fixed before the next .iso release would be greatly appreciated, thanks for the assistance.
search option,e***5@gmail.com,2024-04-15 16:26,ã€Launcherã€‘,https://bbs.deepin.org/en/post/270898,0,201,It is convenitent to highlight the first found result in Launcher menu search so using the enter key open the found app.
Installation Deepin V23 Beta 3,p***9@gmail.com,2024-04-15 10:55,ã€problem helpã€‘,https://bbs.deepin.org/en/post/270877,3,404,NA
Python appindicator label,DeepDIVE,2024-04-14 12:13,ã€problem helpã€‘,https://bbs.deepin.org/en/post/270830,4,285,I have a python script using gi-repository app indicator to display text as indicator label and icon alongside. Script works on xfce panel, gnome dash to dock panel and unity dock. In dde-dock only icon shows. Is there a way to set text as indicator label?
April 12,2024,NA,NA,NA,NA,NA,NA
deepin V23 Beta3 Update,deepinå°åŠ©æ‰‹,2024-04-12 09:58,ã€Community Announcementsã€‘,https://bbs.deepin.org/en/post/270728,0,848,To ensure the quality of the deepin V23, we invite you to take part in the internal test. If you are interested in it, please follow the guide in the last part of this post.
æ·»åŠ å¯åŠ¨å™¨å›¾æ ‡åœ¨å…¨çª—å£æ¨¡å¼ä¸‹è‡ªåŠ¨æ•´ç†åŠŸèƒ½å’Œæ¸…ç†æ— æ•ˆå›¾æ ‡ã€‚,æ·±åº¦ä¹‹å®¶,2024-04-12 03:00,ã€Othersã€‘,https://bbs.deepin.org/en/post/270706,1,274,NA
E: Package 'libamd2' has no installation candidate,æ·±åº¦ä¹‹å®¶,2024-04-12 02:00,ã€Othersã€‘,https://bbs.deepin.org/en/post/270696,1,228,NA
Deepin v23 beta3 won't boot,trawg,2024-04-12 00:51,ã€problem helpã€‘,https://bbs.deepin.org/en/post/270690,0,263,I have Deepin v23 beta3 installed. I haven't booted into it in awhile, I have other operating systems which I multi-boot. I wanted to boot Deepin and it gives me text about VMX disabled in BIOS (normal for my system) and just goes to blank screen. It won't boot.  It's beta, I will reinstall and try again. I just wanted to post feedback about this if it can be helpful to developers. Here is my system info from another OS.
Animated thumbnail of apps in the dock,breizh29,2024-04-11 09:54,ã€Suggestions for Improvementã€‘,https://bbs.deepin.org/en/post/270661,3,286,Hi,
Raspberry Pi running deepin v23,yanjuner,2024-04-11 07:59,ã€deepin explorationã€‘,https://bbs.deepin.org/en/post/270655,2,401,The Raspberry Pi runs the deepin system.
Creating a SIG group: a complete guide from 0 to 1,yanjuner,2024-04-11 07:54,ã€deepin explorationã€‘,https://bbs.deepin.org/en/post/270653,1,228,Recently, I had a sudden idea to create a SIG group, but due to lack of experience, I encountered many minor challenges. Here, I have compiled some of my experiences, hoping to provide some reference for friends who are also interested in creating a SIG group.Â 
Deepin OS system update option in settings can not be done : check again,isuru,2024-04-08 04:10,ã€Control Centerã€‘,https://bbs.deepin.org/en/post/270505,2,278,NA
Error Desconocido Huella,XCJK,2024-04-06 15:54,ã€problem helpã€‘,https://bbs.deepin.org/en/post/270435,1,214,NA
What type of system are y'all using?,g***e@genexie.com,2024-04-03 15:21,ã€Exchange and shareã€‘,https://bbs.deepin.org/en/post/270305,0,326,I am thinking about buying a ThinkPad but I'm not sure if Intel or AMD processors are be better supported in Deepin V23 beta 3. I can't figure out how to make the newest games work on my xiaomi AMD 7840HS APU with 780M graphics
my newer games need GPU drivers run even though they worked in Linux Mint,g***e@genexie.com,2024-04-03 01:17,ã€steamã€‘,https://bbs.deepin.org/en/post/270256,0,297,Hello to all the Deepin contributors,
March 29,2024 deepin V23 Beta3 Update,deepinå°åŠ©æ‰‹,2024-03-29 08:38,ã€Community Announcementsã€‘,https://bbs.deepin.org/en/post/270059,5,1095,To ensure the quality of the deepin V23, we invite you to take part in the internal test. If you are interested in it, please follow the guide in the last part of this post.
ğŸŒŸ Join Us at the deepin Online Meetup!ğŸŒŸ,deepinå°åŠ©æ‰‹,2024-03-27 08:16,ã€Community Newsã€‘,https://bbs.deepin.org/en/post/269972,0,304,ğŸŒŸ Join Us at the deepin Online Meetup! ğŸŒŸ
[Btrfs Now] Installing rootfs with btrfs & Set the restore env,Ziggy,2024-03-27 02:57,ã€ Content contributionã€‘,https://bbs.deepin.org/en/post/269960,0,421,The btrfs partitation is /dev/sdb3 according to the lsblk,then mount it.
March 22,2024 deepin V23 Beta3 Update,deepinå°åŠ©æ‰‹,2024-03-22 08:38,ã€Community Announcementsã€‘,https://bbs.deepin.org/en/post/269767,1,716,To ensure the quality of the deepin V23, we invite you to take part in the internal test. If you are interested in it, please follow the guide in the last part of this post.
deepin light beautification,yanjuner,2024-03-22 02:29,ã€deepin explorationã€‘,https://bbs.deepin.org/en/post/269744,5,520,Principle: Beautification must be light, not fussy, and try not to damage the overall UI style.
Zoom meeting app,æ·±åº¦ä¹‹å®¶,2024-03-22 02:00,ã€Othersã€‘,https://bbs.deepin.org/en/post/269742,1,321,NA
A brief analysis of the difference between deepin V20 and V23,yanjuner,2024-03-21 07:31,ã€Feelings & Sharingã€‘,https://bbs.deepin.org/en/post/269716,0,398,Several versions of deepin v23 have been released. What is the difference between deepin v23 and deepin v20?
Can not resize user custom picture,æ·±åº¦ä¹‹å®¶,2024-03-21 06:00,ã€Othersã€‘,https://bbs.deepin.org/en/post/269709,1,298,NA
Barrot bluetooth chipset support,leonardo150,2024-03-21 04:26,ã€Suggestions for Improvementã€‘,https://bbs.deepin.org/en/post/269703,1,678,NA
å¼€æºç¤¾åŒºè²Œä¼¼åªèƒ½æ‰¾æœ‰è‰¯å¿ƒçš„å¤§è€æ¿æé’±,159******19,2024-03-20 23:39,ã€Feelings & Sharingã€‘,https://bbs.deepin.org/en/post/269687,0,335,å¼€æºç¤¾åŒºè²Œä¼¼åªèƒ½æ‰¾æœ‰è‰¯å¿ƒçš„å¤§è€æ¿æé’±
Deepin 20.9 mail can't move mails from one account to another,r***c@yandex.com,2024-03-18 13:52,ã€Seek Helpã€‘,https://bbs.deepin.org/en/post/269599,1,320,When I use Deepin 20.9 mail app ver. 5.4.31 I can move mails from one folder to another, but only inside an account. But I have three mail accounts and would like to be able to move mails for example from one account's inbox to another. And I can't. Like there's no option for that. Any solution to this?
Deepin 20.9 single click doesn't work on desktop,r***c@yandex.com,2024-03-18 13:41,ã€Seek Helpã€‘,https://bbs.deepin.org/en/post/269598,0,285,I set (single) click to open Files and Folders in File Manager, but it doesn't work when I try to open something on Desktop. Any solution?
Deepin 20.9 can't change light/dark theme,r***c@yandex.com,2024-03-18 13:28,ã€Themesã€‘,https://bbs.deepin.org/en/post/269597,0,290,I'm not able to change theme from dark to light.
The network connection icon,LejÃ³,7 hours ago,ã€Experience sharingã€‘,https://bbs.deepin.org/en/post/272939,0,23,Hi there, I'm a Deepin 20.9 enthusiast user, and after the last upgrade my network connection icon not refreshing. It shows the connection is down, but it working very well. Attach a screen capture. But I cannot attach pictures ... I don't know why!
deepin V23 release update log May 24,2024,deepinå°åŠ©æ‰‹,14 hours ago,ã€Community Announcementsã€‘,https://bbs.deepin.org/en/post/272981,0,91,To ensure the quality of the deepin V23, we invite you to take part in the internal test. If you are interested in it, please follow the guide in the last part of this post.
Deepin v23 alfa problem,d***6@gmail.com,13 hours ago,ã€waylandã€‘,https://bbs.deepin.org/en/post/272991,1,32,NA
Tour du lá»‹ch ÄÃ  Náºµng Alo Travel,e***h@gmail.com,14 hours ago,ã€otherã€‘,https://bbs.deepin.org/en/post/273032,0,26,I. CÃ”NG TY Tá»” CHá»¨C TOUR DU Lá»ŠCH ÄÃ€ Náº´NG UY TÃN.
Alo Travel lÃ  cÃ´ng ty chuyÃªn tá»• chá»©c tour du lá»‹ch ÄÃ  Náºµng uy tÃ­n,chuyÃªn nghiá»‡p. Vá»›i hÆ¡n 10 nÄƒm hoáº¡t Ä‘á»™ng vÃ  phÃ¡t triá»ƒn,sá»Ÿ há»¯u nhiá»u dá»‹ch vá»¥ du lá»‹ch Ä‘a dáº¡ng á»Ÿ trong nÆ°á»›c vÃ  quá»‘c táº¿,Alo Travel lÃ  cÃ´ng ty du lá»‹ch Ä‘Æ°á»£c Ä‘Ã´ng Ä‘áº£o khÃ¡ch hÃ ng tin tÆ°á»Ÿng lá»±a chá»n khi Ä‘i du lá»‹ch.,NA,NA,NA,NA
ğŸŒŸ Deepin and Coffee at Yachay Tech: UnforgettableğŸŒŸ,Owensuwu,a day ago,ã€Share Experiencesã€‘,https://bbs.deepin.org/en/post/273007,0,65,We are thrilled to share the amazing success of our recent "Deepin and Coffee" installation meeting held at Yachay Tech University! This event was an incredible journey into the world of Linux and Deepin, leaving everyone in awe and eager for more.
Where is deepin browser?,c***0@gmail.com,14 hours ago,ã€problem helpã€‘,https://bbs.deepin.org/en/post/273065,1,114,Hi everyone,
Installation Panels are blank,j***e@gmail.com,12 hours ago,ã€problem helpã€‘,https://bbs.deepin.org/en/post/273103,0,19,Hi
magic lamp effect,the animation moves to the second screen,æ·±åº¦ä¹‹å®¶,16 hours ago,ã€Othersã€‘,https://bbs.deepin.org/en/post/273165,1,19,NA
deepin Print Manager Enhances Your Office Productivity,yicold,13 hours ago,ã€Product manager face to faceã€‘,https://bbs.deepin.org/en/post/273225,0,248,If you want to use deepin for office work, you should use Print Manager. As a tool for managing printers, it will become one of your office assistants. We will release a new version of Print Manager in the App Store in the near future, and we will also talk about how to use it face to face with the product.
deepin V23 release update log May 31,2024,deepinå°åŠ©æ‰‹,14 hours ago,ã€Community Announcementsã€‘,https://bbs.deepin.org/en/post/273270,0,76,To ensure the quality of the deepin V23, we invite you to take part in the internal test. If you are interested in it, please follow the guide in the last part of this post.
Unattended Upgrades Shutdown,æ·±åº¦ä¹‹å®¶,18 hours ago,ã€Othersã€‘,https://bbs.deepin.org/en/post/273260,1,24,NA
buggy appimage app icons,æ·±åº¦ä¹‹å®¶,19 hours ago,ã€Othersã€‘,https://bbs.deepin.org/en/post/273254,1,26,NA
Manual Partitioning - Deepin recovery (Backup and Restore) missing?,g***e@gnbit.co.uk,18 hours ago,ã€Seek Helpã€‘,https://bbs.deepin.org/en/post/273345,0,37,Hello All,
deepin Community Monthly Report May 2024,deepinå°åŠ©æ‰‹,14 hours ago,ã€Community Newsã€‘,https://bbs.deepin.org/en/post/273405,0,108,In May 2024, 1,052 friends joined the deepin community, and there are currently 154,962 forum partners;
Customizing 3-Finger Touchpad Gestures in Deepin,Owensuwu,5 hours ago,ã€Seek Helpã€‘,https://bbs.deepin.org/en/post/273433,0,13,Hello Deepin community,
How to disable screen lock password?,b***r@gmail.com,13 hours ago,ã€Seek Helpã€‘,https://bbs.deepin.org/en/post/273414,2,31,Hi,
typing on start menu does not search,æ·±åº¦ä¹‹å®¶,15 hours ago,ã€Othersã€‘,https://bbs.deepin.org/en/post/273400,1,24,NA
Deepin strategic future development,CleanEnergyCleanEnvironment,13 hours ago,ã€Topic DIscussionã€‘,https://bbs.deepin.org/en/post/273492,1,31,I heard that Huawei laptops use Deepin, as a Linux distribution, are there any plans for Deepin working with Huawei to integrate Deepin Linux into Harmony PC and IoS?
deepin V23 RC Update Changelog on Jun 07,2024,deepinå°åŠ©æ‰‹,12 hours ago,ã€Community Announcementsã€‘,https://bbs.deepin.org/en/post/273583,0,55,To ensure the quality of the deepin V23, we invite you to take part in the internal test. If you are interested in it, please follow the guide in the last part of this post.
tooltips and all opened panels have differents borders and corners,s***0@gmail.com,a day ago,ã€Desktopã€‘,https://bbs.deepin.org/en/post/273625,0,25,Many of openned panels and all tooltips have differents borders and corners radius...
grant horvat net worth,a***4@gmail.com,4 hours ago,ã€Newbiesã€‘,https://bbs.deepin.org/en/post/273728,0,14,Grant Horvat, known for his engaging presence in the golf and social media communities, has garnered a notable following due to his golf-related content and collaborations with other influencers. As a professional golfer and content creator, his net worth is estimated to be in the range of $1 million to $5 million. This valuation considers his earnings from YouTube ad revenue, sponsorships, brand partnerships, and his golfing career. His financial success is a testament to his ability to blend his passion for golf with effective digital marketing and social media strategies, attracting a dedicated audience and lucrative business opportunities.
Could not install linglong-pica,æ·±åº¦ä¹‹å®¶,10 hours ago,ã€Othersã€‘,https://bbs.deepin.org/en/post/273714,1,18,NA
å»ºè®®ç³»ç»Ÿå‡çº§æ—¶å¢åŠ è¿›åº¦æ¡ç™¾åˆ†æ¯”æ˜¾ç¤ºå’Œå‡çº§è€—æ—¶æ—¶é—´æ˜¾ç¤º,æ·±åº¦ä¹‹å®¶,15 hours ago,ã€Othersã€‘,https://bbs.deepin.org/en/post/273751,1,22,NA
ability to increase icon size in the mini launcher,æ·±åº¦ä¹‹å®¶,17 hours ago,ã€Othersã€‘,https://bbs.deepin.org/en/post/273746,1,28,NA
AJCDNå…¨çƒæœåŠ¡å™¨æœ€ä¼˜å®‰å…¨è®¡åˆ’ï¼šè·³æ¿æœºä¿æŠ¤åŒå€å¼ºåŒ–ï¼,p***9@gmail.com,20 hours ago,ã€problem helpã€‘,https://bbs.deepin.org/en/post/273737,0,27,æœ€ä¼˜çš„å®‰å…¨è®¡åˆ’å»ºè®®ï¼šè·³æ¿æœº+ç‹¬ç«‹æœåŠ¡å™¨/VPS
deepin V23 RC Update Changelog on Jun 07, 2024, deepinå°åŠ©æ‰‹ , 2024-06-07 09:53 , ã€Community Announcementsã€‘ ,https://bbs.deepin.org/en/post/273583,0,292,To ensure the quality of the deepin V23, we invite you to take part in the internal test. If you are interested in it, please follow the guide in the last part of this post.
deepin V23 release update log May 31, 2024, deepinå°åŠ©æ‰‹ , 2024-05-31 08:24 , ã€Community Announcementsã€‘ ,https://bbs.deepin.org/en/post/273270,0,417,To ensure the quality of the deepin V23, we invite you to take part in the internal test. If you are interested in it, please follow the guide in the last part of this post.
magic lamp effect, the animation moves to the second screen, æ·±åº¦ä¹‹å®¶ , 2024-05-29 06:00 , ã€Othersã€‘ ,https://bbs.deepin.org/en/post/273165,3,221,NA
deepin V23 release update log May 24, 2024, deepinå°åŠ©æ‰‹ , 2024-05-24 08:05 , ã€Community Announcementsã€‘ ,https://bbs.deepin.org/en/post/272981,0,555,To ensure the quality of the deepin V23, we invite you to take part in the internal test. If you are interested in it, please follow the guide in the last part of this post.
UI Hover Effects, Click Effects, are Missing in a lot of Things., r***t@gmail.com , 2024-05-21 15:47 , ã€Contribute Adviceã€‘ ,https://bbs.deepin.org/en/post/272834,1,317,UI Hover Effects, Click Effects, are Missing in a lot of Things. Animations are also boring and have only linear easing (no speed changes as the animation progesses) in a lot of things. It is very simple, I think this is done intentionally because it is not that hard to fix this. here is a list of the parts of the OS that are affected by this:
limit for max apps on the dock, or scrollable dock, æ·±åº¦ä¹‹å®¶ , 2024-05-20 01:35 , ã€Othersã€‘ ,https://bbs.deepin.org/en/post/272691,1,280,NA
deepin V23 release update log May 17, 2024, deepinå°åŠ©æ‰‹ , 2024-05-17 07:45 , ã€Community Announcementsã€‘ ,https://bbs.deepin.org/en/post/272526,1,663,To ensure the quality of the deepin V23, we invite you to take part in the internal test. If you are interested in it, please follow the guide in the last part of this post.
May 10, 2024 deepin V23 Update, deepinå°åŠ©æ‰‹ , 2024-05-10 12:09 , ã€Community Announcementsã€‘ ,https://bbs.deepin.org/en/post/272125,0,371,To ensure the quality of the deepin V23, we invite you to take part in the internal test. If you are interested in it, please follow the guide in the last part of this post.
Explore deepin products! Detailed features, your queries invited!, deepinå°åŠ©æ‰‹ , 2024-05-06 06:19 , ã€Community Newsã€‘ ,https://bbs.deepin.org/en/post/271921,0,472,Hi friends from the deepin community!
April 30, 2024 deepin V23
Update, deepinå°åŠ©æ‰‹ , 2024-04-30 01:56 , ã€Community Announcementsã€‘ ,https://bbs.deepin.org/en/post/271656,6,1413,To ensure the quality of the deepin V23, we invite you to take part in the internal test. If you are interested in it, please follow the guide in the last part of this post.
swap, zram, zswap, swap space and memory compression scheme, yanjuner , 2024-04-26 03:00 , ã€deepin explorationã€‘ ,https://bbs.deepin.org/en/post/271440,1,541,zramÂ :Â It is just memory compression technology. Data cannot be saved when shutting down. If you do not want to use the hibernation function, you do not need to set up any swap partition. Set zram directly. Judging from the compression ratio of zstd 1:4, you set a memory ZRAM (16G) with twice the space (8G) actually takes up 50% of the physical memory (that is, 4G) when it is full, so you can think that you have 4+16=20G of memory to use.SwapÂ :Â This thing is called swap space. It generally has two forms, swap partition and swap file. If you only use it to open large files, it may be written to the hard disk swap space. It can also be used to hibernate and save work progress when power is turned off.zswapÂ :Â zswap is a kernel function that provides a compressed memory cache for swap pages. Pages that would otherwise be swapped to disk are compressed and stored in an in-memory storage pool. The difference compared with zram is that zswap works together with the swap device, while zram is an in-memory swap device and does not require a backup swap device. If you want to hibernate, you need swap. You can do this by adjusting the exchange rate. Don't always write data to swap. Memory compression solves the need for normal boot use. The data only needs to be saved to the hard disk during hibernation. It is simply a problem. Perfect solution.
[Btrfs]
swap, zram, zswap, swap space and memory compression, yanjuner , 2024-04-19 05:40 , ã€deepin explorationã€‘ ,https://bbs.deepin.org/en/post/271089,0,429,zramÂ :Â It is just memory compression technology. Data cannot be saved when shutting down. If you do not want to use the hibernation function, you do not need to set up any swap partition. Set zram directly. Judging from the compression ratio of zstd 1:4, you set a memory ZRAM (16G) with twice the space (8G) actually takes up 50% of the physical memory (that is, 4G) when it is full, so you can think that you have 4+16=20G of memory to use.SwapÂ :Â This thing is called swap space. It generally has two forms, swap partition and swap file. If you only use it to open large files, it may be written to the hard disk swap space. It can also be used to hibernate and save work progress when power is turned off.zswapÂ :Â zswap is a kernel function that provides a compressed memory cache for swap pages. Pages that would otherwise be swapped to disk are compressed and stored in an in-memory storage pool. The difference compared with zram is that zswap works together with the swap device, while zram is an in-memory swap device and does not require a backup swap device. If you want to hibernate, you need swap. You can do this by adjusting the exchange rate. Don't always write data to swap. Memory compression solves the need for normal boot use. The data only needs to be saved to the hard disk during hibernation. It is simply a problem. Perfect solution.
April 12, 2024
deepin V23 Beta3 Update, deepinå°åŠ©æ‰‹ , 2024-04-12 09:58 , ã€Community Announcementsã€‘ ,https://bbs.deepin.org/en/post/270728,0,952,To ensure the quality of the deepin V23, we invite you to take part in the internal test. If you are interested in it, please follow the guide in the last part of this post.
March 29, 2024 deepin V23 Beta3 Update, deepinå°åŠ©æ‰‹ , 2024-03-29 08:38 , ã€Community Announcementsã€‘ ,https://bbs.deepin.org/en/post/270059,5,1199,To ensure the quality of the deepin V23, we invite you to take part in the internal test. If you are interested in it, please follow the guide in the last part of this post.
March 22, 2024 deepin V23 Beta3 Update, deepinå°åŠ©æ‰‹ , 2024-03-22 08:38 , ã€Community Announcementsã€‘ ,https://bbs.deepin.org/en/post/269767,1,822,To ensure the quality of the deepin V23, we invite you to take part in the internal test. If you are interested in it, please follow the guide in the last part of this post.
"Does Deepin V20 already support dual monitors?, gamergaskin , 2024-03-17 22:04 , ã€Topic DIscussionã€‘ ,https://bbs.deepin.org/en/post/269558,3,401,Does Deepin 20 now support dual monitors? If so, I will install Deepin 20 instead of the beta.
Tor Service, g***n@gmail.com , 2024-03-17 05:50 , ã€problem helpã€‘ ,https://bbs.deepin.org/en/post/269542,1,418,Hi,
Deepin os v23 beta3 eta 3 bugs, d***6@gmail.com , 2024-03-16 15:35 , ã€Suggestions for Improvementã€‘ ,https://bbs.deepin.org/en/post/269531,1,394,Hi after upgrade to deepin v23 beta3,av got white screen/windows.nothis is displaying even app lk vlc, right mouse click menu taskbar,etc
March 15, 2024 deepin V23 Beta3 Update, deepinå°åŠ©æ‰‹ , 2024-03-15 06:46 , ã€Community Announcementsã€‘ ,https://bbs.deepin.org/en/post/269457,4,744,To ensure the quality of the deepin V23, we invite you to take part in the internal test. If you are interested in it, please follow the guide in the last part of this post.
å¦‚ä½•åœ¨firefox download->show in folder é‡Œä¼ é€’æ–‡ä»¶åç»™æ–‡ä»¶ç®¡ç†å™¨?, guyuming , 2024-03-15 03:01 , ã€Seek Helpã€‘ ,https://bbs.deepin.org/en/post/269444,0,496,firefoxæµè§ˆå™¨ä¸‹è½½èœå•(æˆ–å·¥å…·æ æŒ‰é’®)æ‰“å¼€åé€‰ä¸­å·²ä¸‹è½½æ–‡ä»¶,ä¼šæœ‰ä¸€ä¸ªshow in folder çš„åŠŸèƒ½, ä¼šæ‰“å¼€ç³»ç»Ÿè®¾ç½®çš„æ–‡ä»¶ç®¡ç†å™¨. ä½†æ˜¯æ–‡ä»¶ç®¡ç†å™¨æ‰“å¼€å,å¯¹åº”çš„ä¸‹è½½æ–‡ä»¶å¹¶æœªè¢«é€‰ä¸­,å¦‚æœç›®å½•é‡Œé¢æ–‡ä»¶æ¯”è¾ƒå¤š,æ‰¾èµ·æ¥å°±æ¯”è¾ƒéº»çƒ¦. æˆ‘æ€€ç–‘show in folder åŠŸèƒ½ä¼ é€’ç»™æ–‡ä»¶ç®¡ç†å™¨çš„å‚æ•°æ˜¯ç›®å½•å,è€Œä¸æ˜¯åŒ…å«ç›®å½•åçš„æ–‡ä»¶è·¯å¾„,è¿™ä¸ªæœ‰åŠæ³•å—?
V23B3æ–‡ç®¡â€œæœç´¢â€ç¼ºå°‘â€œè‡ªåŠ¨ç´¢å¼•å†…ç½®ç£ç›˜â€é€‰é¡¹, æ·±åº¦ä¹‹å®¶ , 2024-03-14 02:00 , ã€Othersã€‘ ,https://bbs.deepin.org/en/post/269387,1,390,NA
Numers in pad need us to press num lock twice before working, æ·±åº¦ä¹‹å®¶ , 2024-03-13 02:00 , ã€Othersã€‘ ,https://bbs.deepin.org/en/post/269348,1,375,NA
unable to use oauth2 on mail client, m***m@gmail.com , 2024-03-12 14:10 , ã€Mailã€‘ ,https://bbs.deepin.org/en/post/269333,0,479,Hi,
low quality audio in bluetooth speakers with pipewire, æ·±åº¦ä¹‹å®¶ , 2024-03-12 02:00 , ã€Othersã€‘ ,https://bbs.deepin.org/en/post/269309,1,473,NA
Please bring back the beauty of deepin, yarecco , 2024-03-10 23:54 , ã€Window Managerã€‘ ,https://bbs.deepin.org/en/post/269278,1,452,Please bring back that beauty of Deepin and remove that ugliness from V23.
How do you change the font and font size via a command?, ğ“œğ“».â €ğ“¦ğ“ªğ“² , 2024-03-09 05:54 , ã€Topic DIscussionã€‘ ,https://bbs.deepin.org/en/post/269236,2,386,How do you change the font and font size via a command on Deepin?
March 8, 2024 deepin V23 Beta3
Update, deepinå°åŠ©æ‰‹ , 2024-03-08 07:18 , ã€Community Announcementsã€‘ ,https://bbs.deepin.org/en/post/269191,2,671,To ensure the quality of the deepin V23, we invite you to take part in the internal test. If you are interested in it, please follow the guide in the last part of this post.
appstore, k***r@gmail.com , 2024-03-04 07:48 , ã€problem helpã€‘ ,https://bbs.deepin.org/en/post/269034,2,1006,app store no app install
Find de old windows O.S., j***l@gmail.com , 2024-03-03 21:22 , ã€Topic DIscussionã€‘ ,https://bbs.deepin.org/en/post/269020,1,1568,Hi. I download Deeping in my lap top with Windows O.S. I made a new partition for Deepng but I did'nt the option to start, o deeping o windows. Anyone knows?
Cisco VPN, malkut , 2024-03-03 00:43 , ã€problem helpã€‘ ,https://bbs.deepin.org/en/post/269000,0,1016,NA
wifi adapter not detected, p***t@gmx.fr , 2024-03-01 14:01 , ã€Newbiesã€‘ ,https://bbs.deepin.org/en/post/268960,1,983,I need this new kernel so my wifi adapter can be detected. How can I download it directly or is it a v23 iso that include that kernel available??
deepin v23 internal test update on March 1st, deepinå°åŠ©æ‰‹ , 2024-03-01 06:40 , ã€Community Announcementsã€‘ ,https://bbs.deepin.org/en/post/268936,0,1695,To ensure the quality of the deepin V23, we invite you to take part in the internal test. If you are interested in it, please follow the guide in the last part of this post.
Warp is now Available on the deepin V23 App Store!, yanjuner , 2024-03-01 05:51 , ã€Community Newsã€‘ ,https://bbs.deepin.org/en/post/268930,0,1525,Recently, Warp, which is known as "Terminal of the 21st century" and has obtained 23 million dollars in financing, has officially released its Linux version!
browser updates, trawg , 2024-02-29 05:14 , ã€Package Installerã€‘ ,https://bbs.deepin.org/en/post/268882,2,1086,I have deepin v23 beta3. I installed brave-browser from command line w/ sudo apt install com.brave.brave-browser, this browser is giving me out-of-date notifications which take me to this page --> https://brave.com/download/ I could do that, but it defeats the purpose of getting brave-browser from deepin to begin with. I'm ignoring the prompts to update for now, and hope I can find a way to disable them.
Libre
Office and samba via gvfs..., a***s@artikon.pl , 2024-02-28 20:47 , ã€Newbiesã€‘ ,https://bbs.deepin.org/en/post/268868,2,1017,Hello,
ğŸš€ High Frequency Problems & Solutions of deepin OS, deepinå°åŠ©æ‰‹ , 2024-02-28 08:30 , ã€Share Experiencesã€‘ ,https://bbs.deepin.org/en/post/268846,0,1424,ğŸ”’ The terminal prompts for a password, but nothing happens when I enter it.
Missing mouse graphic, dbarronoss , 2024-02-27 23:07 , ã€problem helpã€‘ ,https://bbs.deepin.org/en/post/268824,1,1041,Ok, I had Deepin 23 beta 2 installed on a previous machine.  Today, I tried to install beta 3, but ran into issues with keyboard and mouse (both USB) being recognized in the default installation (kernel 6.1), so I went with safe mode.
Apparently, the assumption there was to apply nomodeset for the new installation (I guess that makes sense), ok, I figured out where to weed that out and got a high-res screen, but my mouse cursor is still invisible despite trying different themes and pointers.
How install AMD Driver correctly?, d***m@gmail.com , 2024-02-27 01:17 , ã€Seek Helpã€‘ ,https://bbs.deepin.org/en/post/268779,2,1170,I have a laptop equipped with an AMD RYZEN 5 3500U processor. My goal is to correctly install the necessary drivers and OpenGL to enable the use of Davinci Resolve. Despite following the instructions on the Debian Wiki (https://wiki.debian.org/AtiHowTo), Davinci Resolve remains inoperative. I am using Deepin 20. Any assistance would be greatly appreciated.
Nix Package manager Error, d***m@gmail.com , 2024-02-27 01:11 , ã€Seek Helpã€‘ ,https://bbs.deepin.org/en/post/268777,0,1007,When we install the nix package manager https://nixos.org/download and we try to execute some app installed by nix package manager, the app don`t open, the app just open if we execute from terminal, and if we install a lot packages from nix we have crashes, the system stop working, in the deepin 20 work done, but in the deepin 23 beta 2 and beta 3 have these errors.
Update from Deepin 20.9 to Deepin 23, JoseJacsan , 2024-02-25 00:16 , ã€Seek Helpã€‘ ,https://bbs.deepin.org/en/post/268702,2,1240,When the Deepin 23 is released it will be possible update from Deepin 20.9 to Deepin 23?
